policy,scope,key_bytes,prediction_bytes,capacity,pool_keys,threads,hit_percent,repetition,ops_per_thread,total_ops,makespan_us,throughput_ops_per_second,ns_per_op_mean,ns_per_op_min_thread,ns_per_op_max_thread,hits,misses,observed_hit_rate,expected_hit_rate,status
LRU,private,8,64,64,128,1,0,0,200000,200000,39809.2,5.02396e+06,199.046,199.046,199.046,0,200000,0,0,ok
LRU,private,8,64,64,128,1,0,1,200000,200000,37819.6,5.28826e+06,189.098,189.098,189.098,0,200000,0,0,ok
LRU,private,8,64,64,128,1,0,2,200000,200000,37771.6,5.29499e+06,188.858,188.858,188.858,0,200000,0,0,ok
LRU,shared,8,64,64,128,1,0,0,200000,200000,39933.6,5.00831e+06,199.668,199.668,199.668,0,200000,0,0,ok
LRU,shared,8,64,64,128,1,0,1,200000,200000,43933.4,4.55235e+06,219.667,219.667,219.667,0,200000,0,0,ok
LRU,shared,8,64,64,128,1,0,2,200000,200000,37885.9,5.27901e+06,189.43,189.43,189.43,0,200000,0,0,ok
LRU,private,8,64,64,128,1,50,0,200000,200000,28047.6,7.13075e+06,140.238,140.238,140.238,100000,100000,0.5,0.5,ok
LRU,private,8,64,64,128,1,50,1,200000,200000,27168.4,7.36149e+06,135.842,135.842,135.842,100000,100000,0.5,0.5,ok
LRU,private,8,64,64,128,1,50,2,200000,200000,30208.6,6.62064e+06,151.043,151.043,151.043,100000,100000,0.5,0.5,ok
LRU,shared,8,64,64,128,1,50,0,200000,200000,28075.1,7.12375e+06,140.376,140.376,140.376,100000,100000,0.5,0.5,ok
LRU,shared,8,64,64,128,1,50,1,200000,200000,28093.6,7.11905e+06,140.468,140.468,140.468,100000,100000,0.5,0.5,ok
LRU,shared,8,64,64,128,1,50,2,200000,200000,29936.2,6.68088e+06,149.681,149.681,149.681,100000,100000,0.5,0.5,ok
LRU,private,8,64,64,128,1,100,0,200000,200000,6773.62,2.95263e+07,33.8681,33.8681,33.8681,199999,1,0.999995,0.999995,ok
LRU,private,8,64,64,128,1,100,1,200000,200000,7499.28,2.66692e+07,37.4964,37.4964,37.4964,199999,1,0.999995,0.999995,ok
LRU,private,8,64,64,128,1,100,2,200000,200000,8216.88,2.43402e+07,41.0844,41.0844,41.0844,199999,1,0.999995,0.999995,ok
LRU,shared,8,64,64,128,1,100,0,200000,200000,7863.52,2.54339e+07,39.3176,39.3176,39.3176,199999,1,0.999995,0.999995,ok
LRU,shared,8,64,64,128,1,100,1,200000,200000,6787.63,2.94654e+07,33.9381,33.9381,33.9381,199999,1,0.999995,0.999995,ok
LRU,shared,8,64,64,128,1,100,2,200000,200000,7806.09,2.5621e+07,39.0304,39.0304,39.0304,199999,1,0.999995,0.999995,ok
LRU,private,8,64,64,128,2,0,0,200000,400000,43858.7,9.12021e+06,209.951,200.609,219.293,0,400000,0,0,ok
LRU,private,8,64,64,128,2,0,1,200000,400000,46023.8,8.69115e+06,215.459,200.798,230.119,0,400000,0,0,ok
LRU,private,8,64,64,128,2,0,2,200000,400000,46392.7,8.62205e+06,229.794,227.625,231.963,0,400000,0,0,ok
LRU,shared,8,64,64,128,2,0,0,200000,400000,297287,1.3455e+06,1478.96,1471.47,1486.44,0,400000,0,0,ok
LRU,shared,8,64,64,128,2,0,1,200000,400000,293853,1.36122e+06,1463.67,1458.07,1469.27,0,400000,0,0,ok
LRU,shared,8,64,64,128,2,0,2,200000,400000,301270,1.32771e+06,1503.54,1500.72,1506.35,0,400000,0,0,ok
LRU,private,8,64,64,128,2,50,0,200000,400000,28854.9,1.38625e+07,142.587,140.9,144.275,200000,200000,0.5,0.5,ok
LRU,private,8,64,64,128,2,50,1,200000,400000,32354.1,1.23632e+07,153.934,146.097,161.771,200000,200000,0.5,0.5,ok
LRU,private,8,64,64,128,2,50,2,200000,400000,28972.6,1.38062e+07,142.896,140.929,144.863,200000,200000,0.5,0.5,ok
LRU,shared,8,64,64,128,2,50,0,200000,400000,206393,1.93805e+06,1020.62,1009.28,1031.97,199998,200002,0.499995,0.5,inexact
LRU,shared,8,64,64,128,2,50,1,200000,400000,217245,1.84124e+06,1079.61,1072.99,1086.23,199993,200007,0.499982,0.5,inexact
LRU,shared,8,64,64,128,2,50,2,200000,400000,207819,1.92475e+06,1031.91,1024.72,1039.09,199999,200001,0.499997,0.5,inexact
LRU,private,8,64,64,128,2,100,0,200000,400000,7499.93,5.33339e+07,36.5641,35.6285,37.4996,399998,2,0.999995,0.999995,ok
LRU,private,8,64,64,128,2,100,1,200000,400000,7669.26,5.21563e+07,37.3858,36.4253,38.3463,399998,2,0.999995,0.999995,ok
LRU,private,8,64,64,128,2,100,2,200000,400000,8241.26,4.85363e+07,37.206,33.2057,41.2063,399998,2,0.999995,0.999995,ok
LRU,shared,8,64,64,128,2,100,0,200000,400000,114528,3.4926e+06,566.459,560.279,572.64,399998,2,0.999995,0.999995,ok
LRU,shared,8,64,64,128,2,100,1,200000,400000,76157.5,5.25227e+06,377.567,374.347,380.788,399998,2,0.999995,0.999995,ok
LRU,shared,8,64,64,128,2,100,2,200000,400000,52808.3,7.57457e+06,255.42,246.798,264.041,399998,2,0.999995,0.999995,ok
LRU,private,8,64,64,128,4,0,0,200000,800000,64788.7,1.23478e+07,299.616,280.668,323.943,0,800000,0,0,ok
LRU,private,8,64,64,128,4,0,1,200000,800000,75114.6,1.06504e+07,334.173,309.832,375.573,0,800000,0,0,ok
LRU,private,8,64,64,128,4,0,2,200000,800000,75141.3,1.06466e+07,350.274,300.489,375.707,0,800000,0,0,ok
LRU,shared,8,64,64,128,4,0,0,200000,800000,1.27118e+06,629337,6345.23,6330.36,6355.9,0,800000,0,0,ok
LRU,shared,8,64,64,128,4,0,1,200000,800000,1.25457e+06,637669,6245.65,6185.38,6272.84,0,800000,0,0,ok
LRU,shared,8,64,64,128,4,0,2,200000,800000,1.2613e+06,634266,6284.95,6231.3,6306.51,0,800000,0,0,ok
LRU,private,8,64,64,128,4,50,0,200000,800000,31385.8,2.54892e+07,147.087,142.24,156.929,400000,400000,0.5,0.5,ok
LRU,private,8,64,64,128,4,50,1,200000,800000,41487.3,1.9283e+07,175.307,140.795,207.437,400000,400000,0.5,0.5,ok
LRU,private,8,64,64,128,4,50,2,200000,800000,40455.7,1.97747e+07,184.751,161.771,202.278,400000,400000,0.5,0.5,ok
LRU,shared,8,64,64,128,4,50,0,200000,800000,752147,1.06362e+06,3745.74,3717.69,3760.74,399991,400009,0.499989,0.5,inexact
LRU,shared,8,64,64,128,4,50,1,200000,800000,778132,1.0281e+06,3879.71,3857.49,3890.66,399988,400012,0.499985,0.5,inexact
LRU,shared,8,64,64,128,4,50,2,200000,800000,749927,1.06677e+06,3729.87,3681.81,3749.64,399989,400011,0.499986,0.5,inexact
LRU,private,8,64,64,128,4,100,0,200000,800000,23979.9,3.33613e+07,82.5776,49.3449,119.899,799996,4,0.999995,0.999995,ok
LRU,private,8,64,64,128,4,100,1,200000,800000,9867.93,8.10707e+07,46.6895,39.1192,49.3397,799996,4,0.999995,0.999995,ok
LRU,private,8,64,64,128,4,100,2,200000,800000,22055.9,3.62715e+07,82.4827,44.3807,110.279,799996,4,0.999995,0.999995,ok
LRU,shared,8,64,64,128,4,100,0,200000,800000,114705,6.97442e+06,569.642,564.626,573.524,799996,4,0.999995,0.999995,ok
LRU,shared,8,64,64,128,4,100,1,200000,800000,118623,6.74405e+06,571.243,547.835,593.115,799996,4,0.999995,0.999995,ok
LRU,shared,8,64,64,128,4,100,2,200000,800000,116224,6.88328e+06,562.472,543.977,581.118,799996,4,0.999995,0.999995,ok
LRU,private,8,64,64,128,8,0,0,200000,1600000,55157.5,2.90078e+07,224.62,186.68,275.787,0,1600000,0,0,ok
LRU,private,8,64,64,128,8,0,1,200000,1600000,47921.1,3.33882e+07,219.998,189.287,239.606,0,1600000,0,0,ok
LRU,private,8,64,64,128,8,0,2,200000,1600000,56455.4,2.8341e+07,240.878,191.994,282.277,0,1600000,0,0,ok
LRU,shared,8,64,64,128,8,0,0,200000,1600000,3.15776e+06,506689,15687.8,15492.7,15788.8,0,1600000,0,0,ok
LRU,shared,8,64,64,128,8,0,1,200000,1600000,3.1831e+06,502654,15825.8,15566.1,15915.5,0,1600000,0,0,ok
LRU,shared,8,64,64,128,8,0,2,200000,1600000,3.07603e+06,520151,15261.1,14740.5,15380.1,0,1600000,0,0,ok
LRU,private,8,64,64,128,8,50,0,200000,1600000,38499.8,4.15586e+07,176.526,157.943,192.499,800000,800000,0.5,0.5,ok
LRU,private,8,64,64,128,8,50,1,200000,1600000,45526.3,3.51445e+07,168.386,132.357,227.632,800000,800000,0.5,0.5,ok
LRU,private,8,64,64,128,8,50,2,200000,1600000,38231.4,4.18504e+07,156.787,128.616,191.157,800000,800000,0.5,0.5,ok
LRU,shared,8,64,64,128,8,50,0,200000,1600000,2.07425e+06,771364,10285,10123.5,10371.2,799966,800034,0.499979,0.5,inexact
LRU,shared,8,64,64,128,8,50,1,200000,1600000,2.08996e+06,765563,10403.3,10219.5,10449.8,799977,800023,0.499986,0.5,inexact
LRU,shared,8,64,64,128,8,50,2,200000,1600000,2.07476e+06,771175,10298,10061.8,10373.8,799971,800029,0.499982,0.5,inexact
LRU,private,8,64,64,128,8,100,0,200000,1600000,22291.1,7.17776e+07,80.5664,35.5424,111.455,1599992,8,0.999995,0.999995,ok
LRU,private,8,64,64,128,8,100,1,200000,1600000,19623.5,8.15351e+07,58.2287,32.3307,98.1172,1599992,8,0.999995,0.999995,ok
LRU,private,8,64,64,128,8,100,2,200000,1600000,42552.1,3.7601e+07,113.428,48.9519,212.76,1599992,8,0.999995,0.999995,ok
LRU,shared,8,64,64,128,8,100,0,200000,1600000,579161,2.76262e+06,2820.79,2686.98,2895.8,1599992,8,0.999995,0.999995,ok
LRU,shared,8,64,64,128,8,100,1,200000,1600000,600284,2.6654e+06,2949.79,2821.3,3001.42,1599992,8,0.999995,0.999995,ok
LRU,shared,8,64,64,128,8,100,2,200000,1600000,591841,2.70343e+06,2917.12,2875.79,2959.21,1599992,8,0.999995,0.999995,ok
LRU,private,8,64,64,128,16,0,0,200000,3200000,56317.4,5.68208e+07,236.888,182.941,281.587,0,3200000,0,0,ok
LRU,private,8,64,64,128,16,0,1,200000,3200000,63762.7,5.0186e+07,241.115,186.878,318.814,0,3200000,0,0,ok
LRU,private,8,64,64,128,16,0,2,200000,3200000,63020.3,5.07773e+07,237.084,184.261,315.102,0,3200000,0,0,ok
LRU,shared,8,64,64,128,16,0,0,200000,3200000,6.90919e+06,463151,34466.5,34142.5,34545.9,0,3200000,0,0,ok
LRU,shared,8,64,64,128,16,0,1,200000,3200000,6.87927e+06,465166,34310.7,34117.9,34396.3,0,3200000,0,0,ok
LRU,shared,8,64,64,128,16,0,2,200000,3200000,6.27561e+06,509910,30090.1,25850,31378.1,0,3200000,0,0,ok
LRU,private,8,64,64,128,16,50,0,200000,3200000,38792.5,8.24902e+07,162.678,133.563,193.962,1600000,1600000,0.5,0.5,ok
LRU,private,8,64,64,128,16,50,1,200000,3200000,39515.9,8.098e+07,161.037,129.403,197.58,1600000,1600000,0.5,0.5,ok
LRU,private,8,64,64,128,16,50,2,200000,3200000,40811.6,7.84092e+07,163.976,136.241,204.058,1600000,1600000,0.5,0.5,ok
LRU,shared,8,64,64,128,16,50,0,200000,3200000,4.62761e+06,691502,22943,22480.9,23138,1599017,1600983,0.499693,0.5,inexact
LRU,shared,8,64,64,128,16,50,1,200000,3200000,4.53112e+06,706226,21836,18284.4,22655.6,1597361,1602639,0.499175,0.5,inexact
LRU,shared,8,64,64,128,16,50,2,200000,3200000,4.75018e+06,673659,23647.7,22964.1,23750.9,1599721,1600279,0.499913,0.5,inexact
LRU,private,8,64,64,128,16,100,0,200000,3200000,21632.1,1.47928e+08,49.5782,32.7884,108.161,3199984,16,0.999995,0.999995,ok
LRU,private,8,64,64,128,16,100,1,200000,3200000,27256,1.17405e+08,58.9194,33.4575,136.28,3199984,16,0.999995,0.999995,ok
LRU,private,8,64,64,128,16,100,2,200000,3200000,23091.2,1.38581e+08,51.3519,32.7771,115.456,3199984,16,0.999995,0.999995,ok
LRU,shared,8,64,64,128,16,100,0,200000,3200000,1.45876e+06,2.19365e+06,7198.2,6934.3,7293.79,3199984,16,0.999995,0.999995,ok
LRU,shared,8,64,64,128,16,100,1,200000,3200000,1.44952e+06,2.20763e+06,7172.61,6912.15,7247.58,3199984,16,0.999995,0.999995,ok
LRU,shared,8,64,64,128,16,100,2,200000,3200000,1.50752e+06,2.12269e+06,7429.53,6782.53,7537.61,3199984,16,0.999995,0.999995,ok
LRU,private,8,64,64,128,24,0,0,200000,4800000,62885.5,7.63292e+07,267.761,192.103,314.427,0,4800000,0,0,ok
LRU,private,8,64,64,128,24,0,1,200000,4800000,65743,7.30116e+07,271.432,190.286,328.715,0,4800000,0,0,ok
LRU,private,8,64,64,128,24,0,2,200000,4800000,64121.2,7.48583e+07,268.262,189.791,320.606,0,4800000,0,0,ok
LRU,shared,8,64,64,128,24,0,0,200000,4800000,1.0709e+07,448223,53189.4,49895.4,53544.8,0,4800000,0,0,ok
LRU,shared,8,64,64,128,24,0,1,200000,4800000,1.07188e+07,447811,53503.5,53271.7,53594,0,4800000,0,0,ok
LRU,shared,8,64,64,128,24,0,2,200000,4800000,1.06884e+07,449086,53342.4,52900.2,53441.9,0,4800000,0,0,ok
LRU,private,8,64,64,128,24,50,0,200000,4800000,47435.2,1.01191e+08,187.813,138.411,237.176,2400000,2400000,0.5,0.5,ok
LRU,private,8,64,64,128,24,50,1,200000,4800000,41395,1.15956e+08,181.708,131.067,206.975,2400000,2400000,0.5,0.5,ok
LRU,private,8,64,64,128,24,50,2,200000,4800000,42309,1.13451e+08,186.377,135.651,211.545,2400000,2400000,0.5,0.5,ok
LRU,shared,8,64,64,128,24,50,0,200000,4800000,7.66793e+06,625983,38250.8,37954.5,38339.7,2391140,2408860,0.498154,0.5,inexact
LRU,shared,8,64,64,128,24,50,1,200000,4800000,7.61007e+06,630743,37938.6,37049.8,38050.3,2394464,2405536,0.498847,0.5,inexact
LRU,shared,8,64,64,128,24,50,2,200000,4800000,7.41798e+06,647077,36281,33295.6,37089.9,2387595,2412405,0.497416,0.5,inexact
LRU,private,8,64,64,128,24,100,0,200000,4800000,30035.3,1.59812e+08,72.9657,41.4917,150.177,4799976,24,0.999995,0.999995,ok
LRU,private,8,64,64,128,24,100,1,200000,4800000,28046.1,1.71147e+08,63.2683,35.383,140.23,4799976,24,0.999995,0.999995,ok
LRU,private,8,64,64,128,24,100,2,200000,4800000,27756.1,1.72935e+08,69.4422,40.9405,138.78,4799976,24,0.999995,0.999995,ok
LRU,shared,8,64,64,128,24,100,0,200000,4800000,2.50375e+06,1.91712e+06,12374,11746.6,12518.7,4799976,24,0.999995,0.999995,ok
LRU,shared,8,64,64,128,24,100,1,200000,4800000,2.46108e+06,1.95037e+06,12148.8,11399.8,12305.4,4799976,24,0.999995,0.999995,ok
LRU,shared,8,64,64,128,24,100,2,200000,4800000,2.41135e+06,1.99058e+06,11904.7,11382.4,12056.8,4799976,24,0.999995,0.999995,ok
LRU,private,300,64,64,128,1,0,0,200000,200000,98153.1,2.03763e+06,490.766,490.766,490.766,0,200000,0,0,ok
LRU,private,300,64,64,128,1,0,1,200000,200000,96114.4,2.08085e+06,480.572,480.572,480.572,0,200000,0,0,ok
LRU,private,300,64,64,128,1,0,2,200000,200000,95995.4,2.08343e+06,479.977,479.977,479.977,0,200000,0,0,ok
LRU,shared,300,64,64,128,1,0,0,200000,200000,96455.3,2.0735e+06,482.276,482.276,482.276,0,200000,0,0,ok
LRU,shared,300,64,64,128,1,0,1,200000,200000,96585.1,2.07071e+06,482.925,482.925,482.925,0,200000,0,0,ok
LRU,shared,300,64,64,128,1,0,2,200000,200000,102357,1.95395e+06,511.784,511.784,511.784,0,200000,0,0,ok
LRU,private,300,64,64,128,1,50,0,200000,200000,61187.7,3.26863e+06,305.938,305.938,305.938,100000,100000,0.5,0.5,ok
LRU,private,300,64,64,128,1,50,1,200000,200000,65920.5,3.03396e+06,329.603,329.603,329.603,100000,100000,0.5,0.5,ok
LRU,private,300,64,64,128,1,50,2,200000,200000,61207.1,3.26759e+06,306.036,306.036,306.036,100000,100000,0.5,0.5,ok
LRU,shared,300,64,64,128,1,50,0,200000,200000,61675.5,3.24278e+06,308.377,308.377,308.377,100000,100000,0.5,0.5,ok
LRU,shared,300,64,64,128,1,50,1,200000,200000,61793,3.23661e+06,308.965,308.965,308.965,100000,100000,0.5,0.5,ok
LRU,shared,300,64,64,128,1,50,2,200000,200000,61506.3,3.2517e+06,307.532,307.532,307.532,100000,100000,0.5,0.5,ok
LRU,private,300,64,64,128,1,100,0,200000,200000,22556.5,8.86663e+06,112.782,112.782,112.782,199999,1,0.999995,0.999995,ok
LRU,private,300,64,64,128,1,100,1,200000,200000,19514.6,1.02487e+07,97.5731,97.5731,97.5731,199999,1,0.999995,0.999995,ok
LRU,private,300,64,64,128,1,100,2,200000,200000,17991.4,1.11164e+07,89.9569,89.9569,89.9569,199999,1,0.999995,0.999995,ok
LRU,shared,300,64,64,128,1,100,0,200000,200000,18366.6,1.08893e+07,91.833,91.833,91.833,199999,1,0.999995,0.999995,ok
LRU,shared,300,64,64,128,1,100,1,200000,200000,18075.3,1.10648e+07,90.3766,90.3766,90.3766,199999,1,0.999995,0.999995,ok
LRU,shared,300,64,64,128,1,100,2,200000,200000,18866.1,1.0601e+07,94.3303,94.3303,94.3303,199999,1,0.999995,0.999995,ok
LRU,private,300,64,64,128,2,0,0,200000,400000,110355,3.62466e+06,525.977,500.179,551.776,0,400000,0,0,ok
LRU,private,300,64,64,128,2,0,1,200000,400000,101489,3.94133e+06,500.007,492.571,507.443,0,400000,0,0,ok
LRU,private,300,64,64,128,2,0,2,200000,400000,99029.4,4.0392e+06,491.784,488.421,495.147,0,400000,0,0,ok
LRU,shared,300,64,64,128,2,0,0,200000,400000,463727,862577,2296.99,2275.34,2318.63,0,400000,0,0,ok
LRU,shared,300,64,64,128,2,0,1,200000,400000,466767,856959,2331.6,2329.36,2333.83,0,400000,0,0,ok
LRU,shared,300,64,64,128,2,0,2,200000,400000,472837,845957,2346.64,2329.09,2364.19,0,400000,0,0,ok
LRU,private,300,64,64,128,2,50,0,200000,400000,68863.2,5.80862e+06,325.823,307.331,344.316,200000,200000,0.5,0.5,ok
LRU,private,300,64,64,128,2,50,1,200000,400000,65548.6,6.10234e+06,317.834,307.926,327.743,200000,200000,0.5,0.5,ok
LRU,private,300,64,64,128,2,50,2,200000,400000,63649.2,6.28444e+06,312.943,307.64,318.246,200000,200000,0.5,0.5,ok
LRU,shared,300,64,64,128,2,50,0,200000,400000,311683,1.28336e+06,1554.01,1549.6,1558.41,199999,200001,0.499997,0.5,inexact
LRU,shared,300,64,64,128,2,50,1,200000,400000,304615,1.31313e+06,1516.41,1509.76,1523.07,199996,200004,0.49999,0.5,inexact
LRU,shared,300,64,64,128,2,50,2,200000,400000,314285,1.27273e+06,1567.92,1564.41,1571.43,199998,200002,0.499995,0.5,inexact
LRU,private,300,64,64,128,2,100,0,200000,400000,22371.7,1.78797e+07,106.204,100.549,111.859,399998,2,0.999995,0.999995,ok
LRU,private,300,64,64,128,2,100,1,200000,400000,21590.1,1.8527e+07,103.413,98.8752,107.951,399998,2,0.999995,0.999995,ok
LRU,private,300,64,64,128,2,100,2,200000,400000,22243.9,1.79824e+07,102.276,93.3333,111.22,399998,2,0.999995,0.999995,ok
LRU,shared,300,64,64,128,2,100,0,200000,400000,189727,2.10829e+06,942.881,937.129,948.634,399998,2,0.999995,0.999995,ok
LRU,shared,300,64,64,128,2,100,1,200000,400000,88274.8,4.5313e+06,409.186,376.998,441.374,399998,2,0.999995,0.999995,ok
LRU,shared,300,64,64,128,2,100,2,200000,400000,187171,2.13708e+06,928.987,922.118,935.855,399998,2,0.999995,0.999995,ok
LRU,private,300,64,64,128,4,0,0,200000,800000,99505.9,8.03972e+06,491.76,482.342,497.53,0,800000,0,0,ok
LRU,private,300,64,64,128,4,0,1,200000,800000,99026.6,8.07863e+06,488.647,479.82,495.133,0,800000,0,0,ok
LRU,private,300,64,64,128,4,0,2,200000,800000,102467,7.8074e+06,504.911,495.195,512.335,0,800000,0,0,ok
LRU,shared,300,64,64,128,4,0,0,200000,800000,1.59041e+06,503015,7858.62,7761.14,7952.05,0,800000,0,0,ok
LRU,shared,300,64,64,128,4,0,1,200000,800000,1.5945e+06,501726,7917.11,7782.3,7972.48,0,800000,0,0,ok
LRU,shared,300,64,64,128,4,0,2,200000,800000,1.6575e+06,482654,8169.96,7852.52,8287.51,0,800000,0,0,ok
LRU,private,300,64,64,128,4,50,0,200000,800000,66171.9,1.20897e+07,324.991,313.584,330.859,400000,400000,0.5,0.5,ok
LRU,private,300,64,64,128,4,50,1,200000,800000,66227.4,1.20796e+07,318.282,311.757,331.137,400000,400000,0.5,0.5,ok
LRU,private,300,64,64,128,4,50,2,200000,800000,66956.5,1.19481e+07,317.923,304.477,334.782,400000,400000,0.5,0.5,ok
LRU,shared,300,64,64,128,4,50,0,200000,800000,992143,806336,4917.05,4798.7,4960.71,399993,400007,0.499991,0.5,inexact
LRU,shared,300,64,64,128,4,50,1,200000,800000,999951,800039,4988.19,4976.69,4999.76,399983,400017,0.499979,0.5,inexact
LRU,shared,300,64,64,128,4,50,2,200000,800000,989220,808718,4927.93,4888.97,4946.1,399976,400024,0.49997,0.5,inexact
LRU,private,300,64,64,128,4,100,0,200000,800000,24867.9,3.217e+07,117.234,113.739,124.339,799996,4,0.999995,0.999995,ok
LRU,private,300,64,64,128,4,100,1,200000,800000,31331.7,2.55333e+07,144.225,127.875,156.658,799996,4,0.999995,0.999995,ok
LRU,private,300,64,64,128,4,100,2,200000,800000,31087,2.57343e+07,140.484,122.171,155.435,799996,4,0.999995,0.999995,ok
LRU,shared,300,64,64,128,4,100,0,200000,800000,170643,4.68815e+06,802.927,774.595,853.215,799996,4,0.999995,0.999995,ok
LRU,shared,300,64,64,128,4,100,1,200000,800000,244364,3.2738e+06,1201.58,1181.01,1221.82,799996,4,0.999995,0.999995,ok
LRU,shared,300,64,64,128,4,100,2,200000,800000,255537,3.13066e+06,1200.8,1079.43,1277.68,799996,4,0.999995,0.999995,ok
LRU,private,300,64,64,128,8,0,0,200000,1600000,154232,1.0374e+07,712.581,584.767,771.161,0,1600000,0,0,ok
LRU,private,300,64,64,128,8,0,1,200000,1600000,151822,1.05387e+07,656.327,566.892,759.11,0,1600000,0,0,ok
LRU,private,300,64,64,128,8,0,2,200000,1600000,135452,1.18123e+07,569.585,517.073,677.258,0,1600000,0,0,ok
LRU,shared,300,64,64,128,8,0,0,200000,1600000,3.14423e+06,508869,15278.1,14827.7,15721.2,0,1600000,0,0,ok
LRU,shared,300,64,64,128,8,0,1,200000,1600000,2.97999e+06,536914,14335.5,13417.9,14900,0,1600000,0,0,ok
LRU,shared,300,64,64,128,8,0,2,200000,1600000,3.70023e+06,432406,18349.9,17833.6,18501.1,0,1600000,0,0,ok
LRU,private,300,64,64,128,8,50,0,200000,1600000,90960.4,1.75901e+07,360.875,308.8,454.802,800000,800000,0.5,0.5,ok
LRU,private,300,64,64,128,8,50,1,200000,1600000,83745.3,1.91056e+07,361.883,310.297,418.726,800000,800000,0.5,0.5,ok
LRU,private,300,64,64,128,8,50,2,200000,1600000,77140.2,2.07415e+07,346.77,324.359,385.701,800000,800000,0.5,0.5,ok
LRU,shared,300,64,64,128,8,50,0,200000,1600000,2.40496e+06,665291,11950.9,11706,12024.8,799947,800053,0.499967,0.5,inexact
LRU,shared,300,64,64,128,8,50,1,200000,1600000,2.28952e+06,698838,11332.1,11067.1,11447.6,799637,800363,0.499773,0.5,inexact
LRU,shared,300,64,64,128,8,50,2,200000,1600000,1.97668e+06,809440,9493.29,8099.52,9883.38,799247,800753,0.499529,0.5,inexact
LRU,private,300,64,64,128,8,100,0,200000,1600000,29123.9,5.49377e+07,104.074,88.6302,145.62,1599992,8,0.999995,0.999995,ok
LRU,private,300,64,64,128,8,100,1,200000,1600000,27519.9,5.81397e+07,104.357,88.2274,137.6,1599992,8,0.999995,0.999995,ok
LRU,private,300,64,64,128,8,100,2,200000,1600000,41238.1,3.8799e+07,141.649,90.6012,206.191,1599992,8,0.999995,0.999995,ok
LRU,shared,300,64,64,128,8,100,0,200000,1600000,951699,1.6812e+06,4680.42,4380.55,4758.49,1599992,8,0.999995,0.999995,ok
LRU,shared,300,64,64,128,8,100,1,200000,1600000,897231,1.78326e+06,4403.6,4271.67,4486.15,1599992,8,0.999995,0.999995,ok
LRU,shared,300,64,64,128,8,100,2,200000,1600000,878354,1.82159e+06,4321.39,4156.93,4391.77,1599992,8,0.999995,0.999995,ok
LRU,private,300,64,64,128,16,0,0,200000,3200000,150468,2.12669e+07,619.74,487.573,752.342,0,3200000,0,0,ok
LRU,private,300,64,64,128,16,0,1,200000,3200000,138651,2.30796e+07,578.934,479.748,693.253,0,3200000,0,0,ok
LRU,private,300,64,64,128,16,0,2,200000,3200000,137654,2.32467e+07,585.385,476.795,688.269,0,3200000,0,0,ok
LRU,shared,300,64,64,128,16,0,0,200000,3200000,7.62391e+06,419732,37500,36493.9,38119.5,0,3200000,0,0,ok
LRU,shared,300,64,64,128,16,0,1,200000,3200000,7.57146e+06,422640,37356.9,35613.6,37857.3,0,3200000,0,0,ok
LRU,shared,300,64,64,128,16,0,2,200000,3200000,7.71225e+06,414924,37914.3,35709.4,38561.2,0,3200000,0,0,ok
LRU,private,300,64,64,128,16,50,0,200000,3200000,129081,2.47906e+07,470.405,363.419,645.406,1600000,1600000,0.5,0.5,ok
LRU,private,300,64,64,128,16,50,1,200000,3200000,102877,3.1105e+07,449.791,366.516,514.386,1600000,1600000,0.5,0.5,ok
LRU,private,300,64,64,128,16,50,2,200000,3200000,116789,2.73998e+07,489.969,415.358,583.947,1600000,1600000,0.5,0.5,ok
LRU,shared,300,64,64,128,16,50,0,200000,3200000,5.25278e+06,609201,25700.5,24429.7,26263.9,1597626,1602374,0.499258,0.5,inexact
LRU,shared,300,64,64,128,16,50,1,200000,3200000,6.28045e+06,509517,31255.7,30867.9,31402.3,1598730,1601270,0.499603,0.5,inexact
LRU,shared,300,64,64,128,16,50,2,200000,3200000,8.49355e+06,376756,41073,37513.1,42467.8,1595692,1604308,0.498654,0.5,inexact
LRU,private,300,64,64,128,16,100,0,200000,3200000,48834.6,6.55273e+07,137.088,88.7823,244.173,3199984,16,0.999995,0.999995,ok
LRU,private,300,64,64,128,16,100,1,200000,3200000,31372.8,1.01999e+08,128.36,88.8249,156.864,3199984,16,0.999995,0.999995,ok
LRU,private,300,64,64,128,16,100,2,200000,3200000,44715.6,7.15635e+07,132.672,88.3393,223.578,3199984,16,0.999995,0.999995,ok
LRU,shared,300,64,64,128,16,100,0,200000,3200000,2.5733e+06,1.24354e+06,12747.7,12426.3,12866.5,3199984,16,0.999995,0.999995,ok
LRU,shared,300,64,64,128,16,100,1,200000,3200000,4.44666e+06,719640,21679.6,20252.9,22233.3,3199984,16,0.999995,0.999995,ok
LRU,shared,300,64,64,128,16,100,2,200000,3200000,3.10524e+06,1.03052e+06,15356.2,14470.3,15526.2,3199984,16,0.999995,0.999995,ok
LRU,private,300,64,64,128,24,0,0,200000,4800000,166020,2.89122e+07,698.277,498.164,830.101,0,4800000,0,0,ok
LRU,private,300,64,64,128,24,0,1,200000,4800000,197825,2.42639e+07,739.154,503.368,989.125,0,4800000,0,0,ok
LRU,private,300,64,64,128,24,0,2,200000,4800000,225232,2.13114e+07,772.19,518.586,1126.16,0,4800000,0,0,ok
LRU,shared,300,64,64,128,24,0,0,200000,4800000,1.5003e+07,319935,74253.7,71438.3,75015.2,0,4800000,0,0,ok
LRU,shared,300,64,64,128,24,0,1,200000,4800000,1.18723e+07,404304,58982.4,58234.3,59361.3,0,4800000,0,0,ok
LRU,shared,300,64,64,128,24,0,2,200000,4800000,1.1731e+07,409173,58240.5,57048,58654.8,0,4800000,0,0,ok
LRU,private,300,64,64,128,24,50,0,200000,4800000,108880,4.40852e+07,430.602,310.839,544.4,2400000,2400000,0.5,0.5,ok
LRU,private,300,64,64,128,24,50,1,200000,4800000,98336.2,4.88122e+07,429.844,313.815,491.681,2400000,2400000,0.5,0.5,ok
LRU,private,300,64,64,128,24,50,2,200000,4800000,101780,4.71607e+07,440.943,348.126,508.898,2400000,2400000,0.5,0.5,ok
LRU,shared,300,64,64,128,24,50,0,200000,4800000,8.09695e+06,592816,40232.4,39370.7,40484.7,2380072,2419928,0.495848,0.5,inexact
LRU,shared,300,64,64,128,24,50,1,200000,4800000,8.01823e+06,598636,39906.9,39325.1,40091.1,2378327,2421673,0.495485,0.5,inexact
LRU,shared,300,64,64,128,24,50,2,200000,4800000,8.23399e+06,582949,40834.1,39956.9,41170,2376704,2423296,0.495147,0.5,inexact
LRU,private,300,64,64,128,24,100,0,200000,4800000,46177.1,1.03948e+08,141.287,89.566,230.885,4799976,24,0.999995,0.999995,ok
LRU,private,300,64,64,128,24,100,1,200000,4800000,32038,1.49822e+08,137.209,90.5611,160.19,4799976,24,0.999995,0.999995,ok
LRU,private,300,64,64,128,24,100,2,200000,4800000,46270.7,1.03737e+08,141.591,91.5172,231.354,4799976,24,0.999995,0.999995,ok
LRU,shared,300,64,64,128,24,100,0,200000,4800000,3.48068e+06,1.37904e+06,17281,16810.6,17403.4,4799976,24,0.999995,0.999995,ok
LRU,shared,300,64,64,128,24,100,1,200000,4800000,3.5007e+06,1.37115e+06,17349.4,16468.3,17503.5,4799976,24,0.999995,0.999995,ok
LRU,shared,300,64,64,128,24,100,2,200000,4800000,3.47703e+06,1.38049e+06,17258.2,16913.1,17385.1,4799976,24,0.999995,0.999995,ok
LRU,private,4096,64,64,128,1,0,0,131072,131072,573135,228693,4372.67,4372.67,4372.67,0,131072,0,0,ok
LRU,private,4096,64,64,128,1,0,1,131072,131072,578607,226530,4414.42,4414.42,4414.42,0,131072,0,0,ok
LRU,private,4096,64,64,128,1,0,2,131072,131072,578540,226557,4413.91,4413.91,4413.91,0,131072,0,0,ok
LRU,shared,4096,64,64,128,1,0,0,131072,131072,582700,224939,4445.64,4445.64,4445.64,0,131072,0,0,ok
LRU,shared,4096,64,64,128,1,0,1,131072,131072,573281,228635,4373.79,4373.79,4373.79,0,131072,0,0,ok
LRU,shared,4096,64,64,128,1,0,2,131072,131072,578560,226549,4414.06,4414.06,4414.06,0,131072,0,0,ok
LRU,private,4096,64,64,128,1,50,0,131072,131072,360221,363866,2748.27,2748.27,2748.27,65536,65536,0.5,0.5,ok
LRU,private,4096,64,64,128,1,50,1,131072,131072,361058,363022,2754.65,2754.65,2754.65,65536,65536,0.5,0.5,ok
LRU,private,4096,64,64,128,1,50,2,131072,131072,353072,371233,2693.73,2693.73,2693.73,65536,65536,0.5,0.5,ok
LRU,shared,4096,64,64,128,1,50,0,131072,131072,378254,346519,2885.85,2885.85,2885.85,65536,65536,0.5,0.5,ok
LRU,shared,4096,64,64,128,1,50,1,131072,131072,357051,367096,2724.08,2724.08,2724.08,65536,65536,0.5,0.5,ok
LRU,shared,4096,64,64,128,1,50,2,131072,131072,364649,359447,2782.05,2782.05,2782.05,65536,65536,0.5,0.5,ok
LRU,private,4096,64,64,128,1,100,0,131072,131072,126681,1.03466e+06,966.502,966.502,966.502,131071,1,0.999992,0.999992,ok
LRU,private,4096,64,64,128,1,100,1,131072,131072,126761,1.03401e+06,967.11,967.11,967.11,131071,1,0.999992,0.999992,ok
LRU,private,4096,64,64,128,1,100,2,131072,131072,126443,1.03661e+06,964.682,964.682,964.682,131071,1,0.999992,0.999992,ok
LRU,shared,4096,64,64,128,1,100,0,131072,131072,129155,1.01485e+06,985.371,985.371,985.371,131071,1,0.999992,0.999992,ok
LRU,shared,4096,64,64,128,1,100,1,131072,131072,127743,1.02606e+06,974.603,974.603,974.603,131071,1,0.999992,0.999992,ok
LRU,shared,4096,64,64,128,1,100,2,131072,131072,129197,1.01451e+06,985.694,985.694,985.694,131071,1,0.999992,0.999992,ok
LRU,private,4096,64,64,128,2,0,0,131072,262144,575896,455193,4386.14,4378.53,4393.74,0,262144,0,0,ok
LRU,private,4096,64,64,128,2,0,1,131072,262144,584265,448673,4430.66,4403.73,4457.59,0,262144,0,0,ok
LRU,private,4096,64,64,128,2,0,2,131072,262144,579590,452292,4418.69,4415.45,4421.92,0,262144,0,0,ok
LRU,shared,4096,64,64,128,2,0,0,131072,262144,1.54034e+06,170186,11654.9,11558,11751.9,0,262144,0,0,ok
LRU,shared,4096,64,64,128,2,0,1,131072,262144,1.39887e+06,187397,10506.9,10341.3,10672.5,0,262144,0,0,ok
LRU,shared,4096,64,64,128,2,0,2,131072,262144,1.3629e+06,192343,9641.36,8884.65,10398.1,0,262144,0,0,ok
LRU,private,4096,64,64,128,2,50,0,131072,262144,388995,673900,2908.32,2848.84,2967.8,131072,131072,0.5,0.5,ok
LRU,private,4096,64,64,128,2,50,1,131072,262144,430756,608568,3203.55,3120.7,3286.41,131072,131072,0.5,0.5,ok
LRU,private,4096,64,64,128,2,50,2,131072,262144,415523,630877,3106.28,3042.37,3170.19,131072,131072,0.5,0.5,ok
LRU,shared,4096,64,64,128,2,50,0,131072,262144,851306,307932,6416.34,6337.72,6494.95,131068,131076,0.499985,0.5,inexact
LRU,shared,4096,64,64,128,2,50,1,131072,262144,839558,312241,6286.54,6167.75,6405.32,131062,131082,0.499962,0.5,inexact
LRU,shared,4096,64,64,128,2,50,2,131072,262144,853909,306993,6455.06,6395.31,6514.8,131061,131083,0.499958,0.5,inexact
LRU,private,4096,64,64,128,2,100,0,131072,262144,131560,1.99258e+06,996.146,988.567,1003.72,262142,2,0.999992,0.999992,ok
LRU,private,4096,64,64,128,2,100,1,131072,262144,130128,2.01451e+06,987.827,982.858,992.797,262142,2,0.999992,0.999992,ok
LRU,private,4096,64,64,128,2,100,2,131072,262144,131120,1.99927e+06,983.258,966.152,1000.36,262142,2,0.999992,0.999992,ok
LRU,shared,4096,64,64,128,2,100,0,131072,262144,342400,765608,2493.89,2375.49,2612.3,262142,2,0.999992,0.999992,ok
LRU,shared,4096,64,64,128,2,100,1,131072,262144,355185,738050,2692.39,2674.94,2709.84,262142,2,0.999992,0.999992,ok
LRU,shared,4096,64,64,128,2,100,2,131072,262144,360805,726554,2744.98,2737.25,2752.72,262142,2,0.999992,0.999992,ok
LRU,private,4096,64,64,128,4,0,0,131072,524288,584036,897698,4407.98,4389.45,4455.84,0,524288,0,0,ok
LRU,private,4096,64,64,128,4,0,1,131072,524288,587701,892100,4438.67,4376.54,4483.8,0,524288,0,0,ok
LRU,private,4096,64,64,128,4,0,2,131072,524288,579429,904836,4394.84,4363.53,4420.69,0,524288,0,0,ok
LRU,shared,4096,64,64,128,4,0,0,131072,524288,2.84234e+06,184456,19723.3,16595.5,21685.3,0,524288,0,0,ok
LRU,shared,4096,64,64,128,4,0,1,131072,524288,2.92925e+06,178984,21276.2,19699.9,22348.4,0,524288,0,0,ok
LRU,shared,4096,64,64,128,4,0,2,131072,524288,2.87594e+06,182302,20312.1,17980.2,21941.7,0,524288,0,0,ok
LRU,private,4096,64,64,128,4,50,0,131072,524288,357824,1.46521e+06,2714.63,2692.93,2729.98,262144,262144,0.5,0.5,ok
LRU,private,4096,64,64,128,4,50,1,131072,524288,355250,1.47583e+06,2698.76,2687.58,2710.34,262144,262144,0.5,0.5,ok
LRU,private,4096,64,64,128,4,50,2,131072,524288,361460,1.45047e+06,2707.24,2684.41,2757.72,262144,262144,0.5,0.5,ok
LRU,shared,4096,64,64,128,4,50,0,131072,524288,1.65213e+06,317341,11494.8,10493.9,12604.8,262031,262257,0.499784,0.5,inexact
LRU,shared,4096,64,64,128,4,50,1,131072,524288,1.64813e+06,318111,11236.1,9922.62,12574.2,262069,262219,0.499857,0.5,inexact
LRU,shared,4096,64,64,128,4,50,2,131072,524288,1.61797e+06,324041,10600,8680.7,12344.1,262070,262218,0.499859,0.5,inexact
LRU,private,4096,64,64,128,4,100,0,131072,524288,135383,3.87262e+06,989.355,949.44,1032.89,524284,4,0.999992,0.999992,ok
LRU,private,4096,64,64,128,4,100,1,131072,524288,135417,3.87166e+06,1014.58,994.924,1033.15,524284,4,0.999992,0.999992,ok
LRU,private,4096,64,64,128,4,100,2,131072,524288,128465,4.08118e+06,968.111,959.914,980.109,524284,4,0.999992,0.999992,ok
LRU,shared,4096,64,64,128,4,100,0,131072,524288,869169,603206,6463.85,6220.29,6631.24,524284,4,0.999992,0.999992,ok
LRU,shared,4096,64,64,128,4,100,1,131072,524288,865311,605895,6059.05,4997.01,6601.8,524284,4,0.999992,0.999992,ok
LRU,shared,4096,64,64,128,4,100,2,131072,524288,867121,604630,6297.44,5848,6615.61,524284,4,0.999992,0.999992,ok
LRU,private,4096,64,64,128,8,0,0,131072,1048576,608800,1.72236e+06,4522.15,4413.22,4644.78,0,1048576,0,0,ok
LRU,private,4096,64,64,128,8,0,1,131072,1048576,583456,1.79718e+06,4439.05,4419.82,4451.42,0,1048576,0,0,ok
LRU,private,4096,64,64,128,8,0,2,131072,1048576,617326,1.69858e+06,4491.44,4380.67,4709.82,0,1048576,0,0,ok
LRU,shared,4096,64,64,128,8,0,0,131072,1048576,5.99092e+06,175028,44172.6,38669.2,45707.1,0,1048576,0,0,ok
LRU,shared,4096,64,64,128,8,0,1,131072,1048576,6.57575e+06,159461,47986,41315,50169,0,1048576,0,0,ok
LRU,shared,4096,64,64,128,8,0,2,131072,1048576,6.64029e+06,157911,48392.2,43806.5,50661.4,0,1048576,0,0,ok
LRU,private,4096,64,64,128,8,50,0,131072,1048576,474509,2.20981e+06,3095.07,2707.58,3620.22,524288,524288,0.5,0.5,ok
LRU,private,4096,64,64,128,8,50,1,131072,1048576,421176,2.48964e+06,2866.45,2685.79,3213.32,524288,524288,0.5,0.5,ok
LRU,private,4096,64,64,128,8,50,2,131072,1048576,443636,2.3636e+06,2795.43,2700.72,3384.67,524288,524288,0.5,0.5,ok
LRU,shared,4096,64,64,128,8,50,0,131072,1048576,3.46423e+06,302687,24984.6,23347,26430,522974,525602,0.498747,0.5,inexact
LRU,shared,4096,64,64,128,8,50,1,131072,1048576,3.61432e+06,290117,25079.3,21492.3,27575.1,522933,525643,0.498708,0.5,inexact
LRU,shared,4096,64,64,128,8,50,2,131072,1048576,3.70859e+06,282742,25744.7,22687.5,28294.3,522983,525593,0.498755,0.5,inexact
LRU,private,4096,64,64,128,8,100,0,131072,1048576,152659,6.86875e+06,1050.43,981.734,1164.69,1048568,8,0.999992,0.999992,ok
LRU,private,4096,64,64,128,8,100,1,131072,1048576,139752,7.5031e+06,1007.66,961.341,1066.23,1048568,8,0.999992,0.999992,ok
LRU,private,4096,64,64,128,8,100,2,131072,1048576,172369,6.08333e+06,1174.93,1072.46,1315.07,1048568,8,0.999992,0.999992,ok
LRU,shared,4096,64,64,128,8,100,0,131072,1048576,1.6565e+06,633007,11956.2,9981.1,12638.1,1048568,8,0.999992,0.999992,ok
LRU,shared,4096,64,64,128,8,100,1,131072,1048576,1.87081e+06,560494,13898.3,13004.4,14273.1,1048568,8,0.999992,0.999992,ok
LRU,shared,4096,64,64,128,8,100,2,131072,1048576,1.69647e+06,618093,12414.5,11215.6,12943,1048568,8,0.999992,0.999992,ok
LRU,private,4096,64,64,128,16,0,0,131072,2097152,879605,2.3842e+06,5604.49,4609.53,6710.85,0,2097152,0,0,ok
LRU,private,4096,64,64,128,16,0,1,131072,2097152,885169,2.36921e+06,5844.27,4941.29,6753.3,0,2097152,0,0,ok
LRU,private,4096,64,64,128,16,0,2,131072,2097152,882790,2.3756e+06,5730.16,4648.1,6735.15,0,2097152,0,0,ok
LRU,shared,4096,64,64,128,16,0,0,131072,2097152,1.41589e+07,148116,103118,92452.2,108024,0,2097152,0,0,ok
LRU,shared,4096,64,64,128,16,0,1,131072,2097152,1.46278e+07,143368,108984,101629,111601,0,2097152,0,0,ok
LRU,shared,4096,64,64,128,16,0,2,131072,2097152,1.38922e+07,150959,103559,99508.1,105989,0,2097152,0,0,ok
LRU,private,4096,64,64,128,16,50,0,131072,2097152,497009,4.21954e+06,3228.55,2674.81,3791.88,1048576,1048576,0.5,0.5,ok
LRU,private,4096,64,64,128,16,50,1,131072,2097152,519758,4.03486e+06,3221.26,2683.7,3965.44,1048576,1048576,0.5,0.5,ok
LRU,private,4096,64,64,128,16,50,2,131072,2097152,497972,4.21138e+06,3207.81,2684.33,3799.23,1048576,1048576,0.5,0.5,ok
LRU,shared,4096,64,64,128,16,50,0,131072,2097152,7.7646e+06,270091,57095.7,53265.8,59239.2,1041811,1055341,0.496774,0.5,inexact
LRU,shared,4096,64,64,128,16,50,1,131072,2097152,7.82127e+06,268134,57477,53047.6,59671.6,1041983,1055169,0.496856,0.5,inexact
LRU,shared,4096,64,64,128,16,50,2,131072,2097152,7.57759e+06,276757,54479.9,46187.9,57812.5,1041912,1055240,0.496822,0.5,inexact
LRU,private,4096,64,64,128,16,100,0,131072,2097152,311076,6.74161e+06,1520.75,1132.24,2373.32,2097136,16,0.999992,0.999992,ok
LRU,private,4096,64,64,128,16,100,1,131072,2097152,254574,8.23789e+06,1415.09,1150.54,1942.24,2097136,16,0.999992,0.999992,ok
LRU,private,4096,64,64,128,16,100,2,131072,2097152,180827,1.15976e+07,1192.44,976.223,1379.6,2097136,16,0.999992,0.999992,ok
LRU,shared,4096,64,64,128,16,100,0,131072,2097152,3.74115e+06,560564,27767.6,25863.9,28542.7,2097136,16,0.999992,0.999992,ok
LRU,shared,4096,64,64,128,16,100,1,131072,2097152,3.7678e+06,556599,28500.1,28261.6,28746,2097136,16,0.999992,0.999992,ok
LRU,shared,4096,64,64,128,16,100,2,131072,2097152,3.78143e+06,554592,28465.2,27883.6,28850,2097136,16,0.999992,0.999992,ok
LRU,private,4096,64,64,128,24,0,0,131072,3145728,1.10819e+06,2.83861e+06,7006.79,5560.43,8454.83,0,3145728,0,0,ok
LRU,private,4096,64,64,128,24,0,1,131072,3145728,1.2585e+06,2.49958e+06,7848.57,6094.62,9601.63,0,3145728,0,0,ok
LRU,private,4096,64,64,128,24,0,2,131072,3145728,1.03262e+06,3.04636e+06,6389.09,4755.59,7878.24,0,3145728,0,0,ok
LRU,shared,4096,64,64,128,24,0,0,131072,3145728,2.25801e+07,139314,169688,162841,172273,0,3145728,0,0,ok
LRU,shared,4096,64,64,128,24,0,1,131072,3145728,2.2365e+07,140654,167502,160030,170631,0,3145728,0,0,ok
LRU,shared,4096,64,64,128,24,0,2,131072,3145728,2.06411e+07,152402,153018,142964,157479,0,3145728,0,0,ok
LRU,private,4096,64,64,128,24,50,0,131072,3145728,532053,5.91244e+06,3638.91,2690.67,4059.24,1572864,1572864,0.5,0.5,ok
LRU,private,4096,64,64,128,24,50,1,131072,3145728,534173,5.88897e+06,3649.8,2733.07,4075.42,1572864,1572864,0.5,0.5,ok
LRU,private,4096,64,64,128,24,50,2,131072,3145728,532415,5.90842e+06,3631.4,2695.48,4062,1572864,1572864,0.5,0.5,ok
LRU,shared,4096,64,64,128,24,50,0,131072,3145728,1.19019e+07,264304,87105,79650.6,90804.4,1555770,1589958,0.494566,0.5,inexact
LRU,shared,4096,64,64,128,24,50,1,131072,3145728,1.17528e+07,267658,85197.8,74210.8,89666.6,1555362,1590366,0.494436,0.5,inexact
LRU,shared,4096,64,64,128,24,50,2,131072,3145728,1.17593e+07,267511,84828.4,74163.3,89716.1,1555008,1590720,0.494324,0.5,inexact
LRU,private,4096,64,64,128,24,100,0,131072,3145728,194086,1.62079e+07,1286.85,963.129,1480.76,3145704,24,0.999992,0.999992,ok
LRU,private,4096,64,64,128,24,100,1,131072,3145728,191402,1.64352e+07,1273.79,946.948,1460.28,3145704,24,0.999992,0.999992,ok
LRU,private,4096,64,64,128,24,100,2,131072,3145728,189305,1.66172e+07,1289.75,969.681,1444.29,3145704,24,0.999992,0.999992,ok
LRU,shared,4096,64,64,128,24,100,0,131072,3145728,5.80043e+06,542327,43906.7,43160.5,44253.8,3145704,24,0.999992,0.999992,ok
LRU,shared,4096,64,64,128,24,100,1,131072,3145728,5.8119e+06,541257,43915,42931.5,44341.3,3145704,24,0.999992,0.999992,ok
LRU,shared,4096,64,64,128,24,100,2,131072,3145728,5.86328e+06,536513,44408.3,43642.3,44733.3,3145704,24,0.999992,0.999992,ok
LRU,private,65536,64,64,128,1,0,0,8192,8192,560560,14614,68427.8,68427.8,68427.8,0,8192,0,0,ok
LRU,private,65536,64,64,128,1,0,1,8192,8192,562423,14565.5,68655.2,68655.2,68655.2,0,8192,0,0,ok
LRU,private,65536,64,64,128,1,0,2,8192,8192,556421,14722.7,67922.4,67922.4,67922.4,0,8192,0,0,ok
LRU,shared,65536,64,64,128,1,0,0,8192,8192,556553,14719.2,67938.6,67938.6,67938.6,0,8192,0,0,ok
LRU,shared,65536,64,64,128,1,0,1,8192,8192,563319,14542.4,68764.6,68764.6,68764.6,0,8192,0,0,ok
LRU,shared,65536,64,64,128,1,0,2,8192,8192,560147,14624.7,68377.3,68377.3,68377.3,0,8192,0,0,ok
LRU,private,65536,64,64,128,1,50,0,8192,8192,343429,23853.5,41922.5,41922.5,41922.5,4096,4096,0.5,0.5,ok
LRU,private,65536,64,64,128,1,50,1,8192,8192,341381,23996.7,41672.4,41672.4,41672.4,4096,4096,0.5,0.5,ok
LRU,private,65536,64,64,128,1,50,2,8192,8192,350641,23362.9,42802.9,42802.9,42802.9,4096,4096,0.5,0.5,ok
LRU,shared,65536,64,64,128,1,50,0,8192,8192,342001,23953.2,41748.1,41748.1,41748.1,4096,4096,0.5,0.5,ok
LRU,shared,65536,64,64,128,1,50,1,8192,8192,341175,24011.1,41647.3,41647.3,41647.3,4096,4096,0.5,0.5,ok
LRU,shared,65536,64,64,128,1,50,2,8192,8192,341706,23973.8,41712.2,41712.2,41712.2,4096,4096,0.5,0.5,ok
LRU,private,65536,64,64,128,1,100,0,8192,8192,130171,62932.5,15890,15890,15890,8191,1,0.999878,0.999878,ok
LRU,private,65536,64,64,128,1,100,1,8192,8192,123560,66300,15083,15083,15083,8191,1,0.999878,0.999878,ok
LRU,private,65536,64,64,128,1,100,2,8192,8192,123335,66420.6,15055.6,15055.6,15055.6,8191,1,0.999878,0.999878,ok
LRU,shared,65536,64,64,128,1,100,0,8192,8192,125521,65264,15322.4,15322.4,15322.4,8191,1,0.999878,0.999878,ok
LRU,shared,65536,64,64,128,1,100,1,8192,8192,123634,66259.9,15092.1,15092.1,15092.1,8191,1,0.999878,0.999878,ok
LRU,shared,65536,64,64,128,1,100,2,8192,8192,123460,66353.7,15070.7,15070.7,15070.7,8191,1,0.999878,0.999878,ok
LRU,private,65536,64,64,128,2,0,0,8192,16384,557629,29381.5,68058.7,68047.4,68070,0,16384,0,0,ok
LRU,private,65536,64,64,128,2,0,1,8192,16384,566622,28915.2,68927.7,68687.6,69167.7,0,16384,0,0,ok
LRU,private,65536,64,64,128,2,0,2,8192,16384,567577,28866.6,69147.7,69011.1,69284.3,0,16384,0,0,ok
LRU,shared,65536,64,64,128,2,0,0,8192,16384,1.13592e+06,14423.5,104539,70415.7,138662,0,16384,0,0,ok
LRU,shared,65536,64,64,128,2,0,1,8192,16384,1.14163e+06,14351.4,133867,128376,139359,0,16384,0,0,ok
LRU,shared,65536,64,64,128,2,0,2,8192,16384,1.13325e+06,14457.6,103970,69604.8,138336,0,16384,0,0,ok
LRU,private,65536,64,64,128,2,50,0,8192,16384,348666,46990.6,42311.9,42062,42561.7,8192,8192,0.5,0.5,ok
LRU,private,65536,64,64,128,2,50,1,8192,16384,346539,47279,42238.5,42174.9,42302.1,8192,8192,0.5,0.5,ok
LRU,private,65536,64,64,128,2,50,2,8192,16384,353373,46364.6,42675.8,42215.3,43136.4,8192,8192,0.5,0.5,ok
LRU,shared,65536,64,64,128,2,50,0,8192,16384,699568,23420.2,77375.3,69354.1,85396.5,8192,8192,0.5,0.5,ok
LRU,shared,65536,64,64,128,2,50,1,8192,16384,694359,23595.8,68867.1,52973.6,84760.7,8192,8192,0.5,0.5,ok
LRU,shared,65536,64,64,128,2,50,2,8192,16384,693885,23612,63847.3,42991.9,84702.8,8192,8192,0.5,0.5,ok
LRU,private,65536,64,64,128,2,100,0,8192,16384,135842,120610,15964.7,15347,16582.3,16382,2,0.999878,0.999878,ok
LRU,private,65536,64,64,128,2,100,1,8192,16384,128713,127291,15638.9,15565.7,15712.1,16382,2,0.999878,0.999878,ok
LRU,private,65536,64,64,128,2,100,2,8192,16384,128629,127374,15570.1,15438.5,15701.8,16382,2,0.999878,0.999878,ok
LRU,shared,65536,64,64,128,2,100,0,8192,16384,264961,61835.6,30155.1,27966.4,32343.8,16382,2,0.999878,0.999878,ok
LRU,shared,65536,64,64,128,2,100,1,8192,16384,254694,64328.1,23594.9,16099.1,31090.6,16382,2,0.999878,0.999878,ok
LRU,shared,65536,64,64,128,2,100,2,8192,16384,259835,63055.5,24461.8,17205.6,31718.1,16382,2,0.999878,0.999878,ok
LRU,private,65536,64,64,128,4,0,0,8192,32768,579940,56502.4,69528,68986.5,70793.4,0,32768,0,0,ok
LRU,private,65536,64,64,128,4,0,1,8192,32768,610327,53689.3,74303.8,74150.5,74502.8,0,32768,0,0,ok
LRU,private,65536,64,64,128,4,0,2,8192,32768,564360,58062.3,68393.6,68113.5,68891.6,0,32768,0,0,ok
LRU,shared,65536,64,64,128,4,0,0,8192,32768,2.29461e+06,14280.5,197133,84528.9,280103,0,32768,0,0,ok
LRU,shared,65536,64,64,128,4,0,1,8192,32768,2.27584e+06,14398.2,174358,70204.6,277812,0,32768,0,0,ok
LRU,shared,65536,64,64,128,4,0,2,8192,32768,2.28872e+06,14317.2,200497,76173,279384,0,32768,0,0,ok
LRU,private,65536,64,64,128,4,50,0,8192,32768,347337,94340.7,42183,41997.1,42399.5,16384,16384,0.5,0.5,ok
LRU,private,65536,64,64,128,4,50,1,8192,32768,354905,92328.9,42500.9,42085.2,43323.4,16384,16384,0.5,0.5,ok
LRU,private,65536,64,64,128,4,50,2,8192,32768,350631,93454.3,42469.1,42157.4,42801.7,16384,16384,0.5,0.5,ok
LRU,shared,65536,64,64,128,4,50,0,8192,32768,1.41109e+06,23221.8,125047,83207.3,172252,16382,16386,0.499939,0.5,inexact
LRU,shared,65536,64,64,128,4,50,1,8192,32768,1.41032e+06,23234.5,121465,65489.2,172158,16378,16390,0.499817,0.5,inexact
LRU,shared,65536,64,64,128,4,50,2,8192,32768,1.40268e+06,23361,107646,43009.1,171226,16383,16385,0.499969,0.5,inexact
LRU,private,65536,64,64,128,4,100,0,8192,32768,137917,237592,16183.4,15067.4,16835.6,32764,4,0.999878,0.999878,ok
LRU,private,65536,64,64,128,4,100,1,8192,32768,133755,244985,16083,15788.1,16327.6,32764,4,0.999878,0.999878,ok
LRU,private,65536,64,64,128,4,100,2,8192,32768,131558,249076,15656,15047,16059.4,32764,4,0.999878,0.999878,ok
LRU,shared,65536,64,64,128,4,100,0,8192,32768,527236,62150.6,47098.5,20758,64359.8,32764,4,0.999878,0.999878,ok
LRU,shared,65536,64,64,128,4,100,1,8192,32768,524244,62505.3,40564.1,16708.2,63994.6,32764,4,0.999878,0.999878,ok
LRU,shared,65536,64,64,128,4,100,2,8192,32768,529640,61868.4,51785.1,46051.2,64653.4,32764,4,0.999878,0.999878,ok
LRU,private,65536,64,64,128,8,0,0,8192,65536,586764,111691,69765.7,68127.7,71626.5,0,65536,0,0,ok
LRU,private,65536,64,64,128,8,0,1,8192,65536,594668,110206,70118.2,68626.5,72591.4,0,65536,0,0,ok
LRU,private,65536,64,64,128,8,0,2,8192,65536,601609,108935,70758.6,68146.3,73438.6,0,65536,0,0,ok
LRU,shared,65536,64,64,128,8,0,0,8192,65536,4.60362e+06,14235.8,398599,152889,561965,0,65536,0,0,ok
LRU,shared,65536,64,64,128,8,0,1,8192,65536,4.58284e+06,14300.3,396081,71101.8,559429,0,65536,0,0,ok
LRU,shared,65536,64,64,128,8,0,2,8192,65536,4.58466e+06,14294.6,376558,84280.4,559651,0,65536,0,0,ok
LRU,private,65536,64,64,128,8,50,0,8192,65536,359637,182228,43002.2,41811.3,43901,32768,32768,0.5,0.5,ok
LRU,private,65536,64,64,128,8,50,1,8192,65536,371976,176183,43474.1,42394.1,45407.2,32768,32768,0.5,0.5,ok
LRU,private,65536,64,64,128,8,50,2,8192,65536,357009,183570,42384.3,41653.7,43580.2,32768,32768,0.5,0.5,ok
LRU,shared,65536,64,64,128,8,50,0,8192,65536,2.8443e+06,23041.2,245848,104674,347205,32764,32772,0.499939,0.5,inexact
LRU,shared,65536,64,64,128,8,50,1,8192,65536,2.81864e+06,23251,201849,42908.8,344072,32762,32774,0.499908,0.5,inexact
LRU,shared,65536,64,64,128,8,50,2,8192,65536,2.82716e+06,23180.8,250175,42688.8,345113,32761,32775,0.499893,0.5,inexact
LRU,private,65536,64,64,128,8,100,0,8192,65536,141804,462160,15694.8,15054.1,17310,65528,8,0.999878,0.999878,ok
LRU,private,65536,64,64,128,8,100,1,8192,65536,141527,463064,15812.5,15052.8,17276.2,65528,8,0.999878,0.999878,ok
LRU,private,65536,64,64,128,8,100,2,8192,65536,165624,395692,16697.1,15040.5,20217.7,65528,8,0.999878,0.999878,ok
LRU,shared,65536,64,64,128,8,100,0,8192,65536,1.05302e+06,62236.4,82673.8,16538.5,128542,65528,8,0.999878,0.999878,ok
LRU,shared,65536,64,64,128,8,100,1,8192,65536,1.04909e+06,62469.4,75666.5,16319.7,128063,65528,8,0.999878,0.999878,ok
LRU,shared,65536,64,64,128,8,100,2,8192,65536,1.07384e+06,61029.8,89992.5,16502.2,131083,65528,8,0.999878,0.999878,ok
LRU,private,65536,64,64,128,16,0,0,8192,131072,801605,163512,82572.4,69001.5,97852.2,0,131072,0,0,ok
LRU,private,65536,64,64,128,16,0,1,8192,131072,802240,163383,82136.5,68831.5,97929.6,0,131072,0,0,ok
LRU,private,65536,64,64,128,16,0,2,8192,131072,806554,162509,81913.4,68855.8,98456.3,0,131072,0,0,ok
LRU,shared,65536,64,64,128,16,0,0,8192,131072,9.27451e+06,14132.5,927463,592513,1.13214e+06,0,131072,0,0,ok
LRU,shared,65536,64,64,128,16,0,1,8192,131072,9.26106e+06,14153,868571,265832,1.1305e+06,0,131072,0,0,ok
LRU,shared,65536,64,64,128,16,0,2,8192,131072,9.31115e+06,14076.9,933425,613593,1.13662e+06,0,131072,0,0,ok
LRU,private,65536,64,64,128,16,50,0,8192,131072,484802,270362,49782,41862,59179.9,65536,65536,0.5,0.5,ok
LRU,private,65536,64,64,128,16,50,1,8192,131072,472879,277179,49738.8,41972,57724.5,65536,65536,0.5,0.5,ok
LRU,private,65536,64,64,128,16,50,2,8192,131072,483125,271300,49798.2,41872.1,58975.2,65536,65536,0.5,0.5,ok
LRU,shared,65536,64,64,128,16,50,0,8192,131072,5.69637e+06,23009.8,501299,285314,695357,65478,65594,0.499557,0.5,inexact
LRU,shared,65536,64,64,128,16,50,1,8192,131072,5.69484e+06,23015.9,523629,215570,695171,65501,65571,0.499733,0.5,inexact
LRU,shared,65536,64,64,128,16,50,2,8192,131072,5.72982e+06,22875.4,574048,244536,699441,65486,65586,0.499619,0.5,inexact
LRU,private,65536,64,64,128,16,100,0,8192,131072,177119,740022,18485.4,15079.6,21621,131056,16,0.999878,0.999878,ok
LRU,private,65536,64,64,128,16,100,1,8192,131072,185438,706822,18585.3,15160.2,22636.5,131056,16,0.999878,0.999878,ok
LRU,private,65536,64,64,128,16,100,2,8192,131072,180671,725473,18537.3,15115.4,22054.6,131056,16,0.999878,0.999878,ok
LRU,shared,65536,64,64,128,16,100,0,8192,131072,2.13315e+06,61445.3,176351,70175.9,260394,131056,16,0.999878,0.999878,ok
LRU,shared,65536,64,64,128,16,100,1,8192,131072,2.12344e+06,61726.3,180816,36375.5,259209,131056,16,0.999878,0.999878,ok
LRU,shared,65536,64,64,128,16,100,2,8192,131072,2.13125e+06,61500.2,190819,40401.5,260162,131056,16,0.999878,0.999878,ok
LRU,private,65536,64,64,128,24,0,0,8192,196608,971556,202364,104627,77000.4,118598,0,196608,0,0,ok
LRU,private,65536,64,64,128,24,0,1,8192,196608,924165,212741,97999.9,72612,112813,0,196608,0,0,ok
LRU,private,65536,64,64,128,24,0,2,8192,196608,921144,213439,97805.1,71798.5,112444,0,196608,0,0,ok
LRU,shared,65536,64,64,128,24,0,0,8192,196608,1.4216e+07,13830,1.28278e+06,523940,1.73535e+06,0,196608,0,0,ok
LRU,shared,65536,64,64,128,24,0,1,8192,196608,1.39044e+07,14139.9,1.30477e+06,434452,1.69732e+06,0,196608,0,0,ok
LRU,shared,65536,64,64,128,24,0,2,8192,196608,1.39817e+07,14061.8,1.35835e+06,677382,1.70676e+06,0,196608,0,0,ok
LRU,private,65536,64,64,128,24,50,0,8192,196608,540533,363730,58159.5,42929.9,65983.1,98304,98304,0.5,0.5,ok
LRU,private,65536,64,64,128,24,50,1,8192,196608,539633,364337,57898.8,42445.9,65873.1,98304,98304,0.5,0.5,ok
LRU,private,65536,64,64,128,24,50,2,8192,196608,534637,367741,57977,43081.9,65263.3,98304,98304,0.5,0.5,ok
LRU,shared,65536,64,64,128,24,50,0,8192,196608,8.66288e+06,22695.4,810842,452216,1.05748e+06,98180,98428,0.499369,0.5,inexact
LRU,shared,65536,64,64,128,24,50,1,8192,196608,8.65366e+06,22719.6,804981,320530,1.05636e+06,98203,98405,0.499486,0.5,inexact
LRU,shared,65536,64,64,128,24,50,2,8192,196608,8.57689e+06,22923,739796,289384,1.04698e+06,98224,98384,0.499593,0.5,inexact
LRU,private,65536,64,64,128,24,100,0,8192,196608,192914,1.01915e+06,20996.3,15136.3,23549.1,196584,24,0.999878,0.999878,ok
LRU,private,65536,64,64,128,24,100,1,8192,196608,193478,1.01618e+06,20930.8,15100.6,23618,196584,24,0.999878,0.999878,ok
LRU,private,65536,64,64,128,24,100,2,8192,196608,191968,1.02417e+06,20809.3,15061.5,23433.5,196584,24,0.999878,0.999878,ok
LRU,shared,65536,64,64,128,24,100,0,8192,196608,3.21048e+06,61239.4,265100,49553.7,391905,196584,24,0.999878,0.999878,ok
LRU,shared,65536,64,64,128,24,100,1,8192,196608,3.21719e+06,61111.7,286004,140893,392723,196584,24,0.999878,0.999878,ok
LRU,shared,65536,64,64,128,24,100,2,8192,196608,3.26059e+06,60298.3,260970,41326.8,398021,196584,24,0.999878,0.999878,ok
LRU,private,1048576,64,64,128,1,0,0,4096,4096,4.50071e+06,910.079,1.09881e+06,1.09881e+06,1.09881e+06,0,4096,0,0,ok
LRU,private,1048576,64,64,128,1,0,1,4096,4096,4.52762e+06,904.669,1.10538e+06,1.10538e+06,1.10538e+06,0,4096,0,0,ok
LRU,private,1048576,64,64,128,1,0,2,4096,4096,4.52468e+06,905.257,1.10466e+06,1.10466e+06,1.10466e+06,0,4096,0,0,ok
LRU,shared,1048576,64,64,128,1,0,0,4096,4096,4.52981e+06,904.232,1.10591e+06,1.10591e+06,1.10591e+06,0,4096,0,0,ok
LRU,shared,1048576,64,64,128,1,0,1,4096,4096,4.50323e+06,909.57,1.09942e+06,1.09942e+06,1.09942e+06,0,4096,0,0,ok
LRU,shared,1048576,64,64,128,1,0,2,4096,4096,4.56143e+06,897.965,1.11363e+06,1.11363e+06,1.11363e+06,0,4096,0,0,ok
LRU,private,1048576,64,64,128,1,50,0,4096,4096,2.74707e+06,1491.04,670671,670671,670671,2048,2048,0.5,0.5,ok
LRU,private,1048576,64,64,128,1,50,1,4096,4096,2.75586e+06,1486.29,672816,672816,672816,2048,2048,0.5,0.5,ok
LRU,private,1048576,64,64,128,1,50,2,4096,4096,2.74597e+06,1491.64,670402,670402,670402,2048,2048,0.5,0.5,ok
LRU,shared,1048576,64,64,128,1,50,0,4096,4096,2.75795e+06,1485.16,673328,673328,673328,2048,2048,0.5,0.5,ok
LRU,shared,1048576,64,64,128,1,50,1,4096,4096,2.74878e+06,1490.11,671090,671090,671090,2048,2048,0.5,0.5,ok
LRU,shared,1048576,64,64,128,1,50,2,4096,4096,2.77084e+06,1478.25,676474,676474,676474,2048,2048,0.5,0.5,ok
LRU,private,1048576,64,64,128,1,100,0,4096,4096,1.01069e+06,4052.68,246751,246751,246751,4095,1,0.999756,0.999756,ok
LRU,private,1048576,64,64,128,1,100,1,4096,4096,1.01724e+06,4026.57,248351,248351,248351,4095,1,0.999756,0.999756,ok
LRU,private,1048576,64,64,128,1,100,2,4096,4096,1.01138e+06,4049.9,246920,246920,246920,4095,1,0.999756,0.999756,ok
LRU,shared,1048576,64,64,128,1,100,0,4096,4096,1.01215e+06,4046.84,247107,247107,247107,4095,1,0.999756,0.999756,ok
LRU,shared,1048576,64,64,128,1,100,1,4096,4096,1.00985e+06,4056.03,246547,246547,246547,4095,1,0.999756,0.999756,ok
LRU,shared,1048576,64,64,128,1,100,2,4096,4096,1.01175e+06,4048.44,247009,247009,247009,4095,1,0.999756,0.999756,ok
LRU,private,1048576,64,64,128,2,0,0,4096,8192,4.57221e+06,1791.7,1.11504e+06,1.11381e+06,1.11626e+06,0,8192,0,0,ok
LRU,private,1048576,64,64,128,2,0,1,4096,8192,4.58803e+06,1785.52,1.11617e+06,1.11221e+06,1.12012e+06,0,8192,0,0,ok
LRU,private,1048576,64,64,128,2,0,2,4096,8192,4.55034e+06,1800.31,1.11078e+06,1.11064e+06,1.11092e+06,0,8192,0,0,ok
LRU,shared,1048576,64,64,128,2,0,0,4096,8192,9.11598e+06,898.642,1.66987e+06,1.11417e+06,2.22558e+06,0,8192,0,0,ok
LRU,shared,1048576,64,64,128,2,0,1,4096,8192,9.08761e+06,901.447,1.65952e+06,1.10039e+06,2.21865e+06,0,8192,0,0,ok
LRU,shared,1048576,64,64,128,2,0,2,4096,8192,9.22922e+06,887.615,1.71425e+06,1.17528e+06,2.25323e+06,0,8192,0,0,ok
LRU,private,1048576,64,64,128,2,50,0,4096,8192,2.96179e+06,2765.9,715208,707324,723092,4096,4096,0.5,0.5,ok
LRU,private,1048576,64,64,128,2,50,1,4096,8192,2.77235e+06,2954.9,676662,676481,676842,4096,4096,0.5,0.5,ok
LRU,private,1048576,64,64,128,2,50,2,4096,8192,2.77339e+06,2953.79,676810,676524,677096,4096,4096,0.5,0.5,ok
LRU,shared,1048576,64,64,128,2,50,0,4096,8192,5.57685e+06,1468.93,1.01804e+06,674548,1.36153e+06,4096,4096,0.5,0.5,ok
LRU,shared,1048576,64,64,128,2,50,1,4096,8192,5.53663e+06,1479.6,1.0134e+06,675092,1.35172e+06,4096,4096,0.5,0.5,ok
LRU,shared,1048576,64,64,128,2,50,2,4096,8192,5.5376e+06,1479.34,1.01393e+06,675916,1.35195e+06,4096,4096,0.5,0.5,ok
LRU,private,1048576,64,64,128,2,100,0,4096,8192,1.01169e+06,8097.38,246477,245961,246993,8190,2,0.999756,0.999756,ok
LRU,private,1048576,64,64,128,2,100,1,4096,8192,1.01665e+06,8057.87,247271,246338,248205,8190,2,0.999756,0.999756,ok
LRU,private,1048576,64,64,128,2,100,2,4096,8192,1.01248e+06,8091.02,246792,246396,247188,8190,2,0.999756,0.999756,ok
LRU,shared,1048576,64,64,128,2,100,0,4096,8192,2.03085e+06,4033.78,370863,245914,495813,8190,2,0.999756,0.999756,ok
LRU,shared,1048576,64,64,128,2,100,1,4096,8192,2.03375e+06,4028.03,370980,245439,496521,8190,2,0.999756,0.999756,ok
LRU,shared,1048576,64,64,128,2,100,2,4096,8192,2.05119e+06,3993.78,387493,274207,500779,8190,2,0.999756,0.999756,ok
LRU,private,1048576,64,64,128,4,0,0,4096,16384,4.52857e+06,3617.92,1.10501e+06,1.10446e+06,1.10561e+06,0,16384,0,0,ok
LRU,private,1048576,64,64,128,4,0,1,4096,16384,4.52851e+06,3617.97,1.10512e+06,1.10469e+06,1.10559e+06,0,16384,0,0,ok
LRU,private,1048576,64,64,128,4,0,2,4096,16384,4.55789e+06,3594.65,1.10886e+06,1.10537e+06,1.11277e+06,0,16384,0,0,ok
LRU,shared,1048576,64,64,128,4,0,0,4096,16384,1.82127e+07,899.591,2.77692e+06,1.10239e+06,4.44646e+06,0,16384,0,0,ok
LRU,shared,1048576,64,64,128,4,0,1,4096,16384,1.82174e+07,899.358,2.78559e+06,1.11463e+06,4.44762e+06,0,16384,0,0,ok
LRU,shared,1048576,64,64,128,4,0,2,4096,16384,1.82359e+07,898.448,2.78926e+06,1.12485e+06,4.45212e+06,0,16384,0,0,ok
LRU,private,1048576,64,64,128,4,50,0,4096,16384,2.78674e+06,5879.27,678214,675551,680356,8192,8192,0.5,0.5,ok
LRU,private,1048576,64,64,128,4,50,1,4096,16384,2.78551e+06,5881.86,677934,675922,680057,8192,8192,0.5,0.5,ok
LRU,private,1048576,64,64,128,4,50,2,4096,16384,2.80239e+06,5846.43,678812,676414,684178,8192,8192,0.5,0.5,ok
LRU,shared,1048576,64,64,128,4,50,0,4096,16384,1.12036e+07,1462.39,1.71283e+06,681724,2.73525e+06,8192,8192,0.5,0.5,ok
LRU,shared,1048576,64,64,128,4,50,1,4096,16384,1.12719e+07,1453.53,1.77943e+06,919852,2.75193e+06,8192,8192,0.5,0.5,ok
LRU,shared,1048576,64,64,128,4,50,2,4096,16384,1.11869e+07,1464.57,1.82597e+06,684457,2.73117e+06,8192,8192,0.5,0.5,ok
LRU,private,1048576,64,64,128,4,100,0,4096,16384,1.03129e+06,15886.9,249778,248406,251779,16380,4,0.999756,0.999756,ok
LRU,private,1048576,64,64,128,4,100,1,4096,16384,1.01723e+06,16106.5,247469,245608,248347,16380,4,0.999756,0.999756,ok
LRU,private,1048576,64,64,128,4,100,2,4096,16384,1.0237e+06,16004.6,248491,247172,249927,16380,4,0.999756,0.999756,ok
LRU,shared,1048576,64,64,128,4,100,0,4096,16384,4.08242e+06,4013.3,623342,247844,996685,16380,4,0.999756,0.999756,ok
LRU,shared,1048576,64,64,128,4,100,1,4096,16384,4.07948e+06,4016.2,622059,246926,995967,16380,4,0.999756,0.999756,ok
LRU,shared,1048576,64,64,128,4,100,2,4096,16384,4.11631e+06,3980.27,803840,486353,1.00496e+06,16380,4,0.999756,0.999756,ok
LRU,private,1048576,64,64,128,8,0,0,4096,32768,4.85675e+06,6746.9,1.15969e+06,1.1485e+06,1.18573e+06,0,32768,0,0,ok
LRU,private,1048576,64,64,128,8,0,1,4096,32768,4.63477e+06,7070.03,1.12105e+06,1.11417e+06,1.13154e+06,0,32768,0,0,ok
LRU,private,1048576,64,64,128,8,0,2,4096,32768,4.66834e+06,7019.2,1.12184e+06,1.11594e+06,1.13973e+06,0,32768,0,0,ok
LRU,shared,1048576,64,64,128,8,0,0,4096,32768,3.62291e+07,904.466,4.97823e+06,1.10286e+06,8.845e+06,0,32768,0,0,ok
LRU,shared,1048576,64,64,128,8,0,1,4096,32768,3.63093e+07,902.468,5.05031e+06,1.20106e+06,8.86458e+06,0,32768,0,0,ok
LRU,shared,1048576,64,64,128,8,0,2,4096,32768,3.62616e+07,903.656,4.98586e+06,1.11125e+06,8.85293e+06,0,32768,0,0,ok
LRU,private,1048576,64,64,128,8,50,0,4096,32768,2.87551e+06,11395.5,689244,681363,702029,16384,16384,0.5,0.5,ok
LRU,private,1048576,64,64,128,8,50,1,4096,32768,2.88074e+06,11374.8,688891,681482,703307,16384,16384,0.5,0.5,ok
LRU,private,1048576,64,64,128,8,50,2,4096,32768,2.83234e+06,11569.3,684796,680294,691488,16384,16384,0.5,0.5,ok
LRU,shared,1048576,64,64,128,8,50,0,4096,32768,2.23209e+07,1468.04,3.06669e+06,685952,5.44943e+06,16384,16384,0.5,0.5,ok
LRU,shared,1048576,64,64,128,8,50,1,4096,32768,2.24135e+07,1461.97,3.42371e+06,678783,5.47206e+06,16384,16384,0.5,0.5,ok
LRU,shared,1048576,64,64,128,8,50,2,4096,32768,2.26712e+07,1445.36,3.11867e+06,692201,5.53495e+06,16384,16384,0.5,0.5,ok
LRU,private,1048576,64,64,128,8,100,0,4096,32768,1.0444e+06,31374.9,250219,246717,254981,32760,8,0.999756,0.999756,ok
LRU,private,1048576,64,64,128,8,100,1,4096,32768,1.06207e+06,30852.9,251302,245908,259295,32760,8,0.999756,0.999756,ok
LRU,private,1048576,64,64,128,8,100,2,4096,32768,1.06493e+06,30770.2,251492,245826,259992,32760,8,0.999756,0.999756,ok
LRU,shared,1048576,64,64,128,8,100,0,4096,32768,8.25055e+06,3971.61,1.16443e+06,249783,2.0143e+06,32760,8,0.999756,0.999756,ok
LRU,shared,1048576,64,64,128,8,100,1,4096,32768,8.30792e+06,3944.19,1.22833e+06,418024,2.0283e+06,32760,8,0.999756,0.999756,ok
LRU,shared,1048576,64,64,128,8,100,2,4096,32768,8.28084e+06,3957.09,1.13502e+06,248612,2.02169e+06,32760,8,0.999756,0.999756,ok
LRU,private,1048576,64,64,128,16,0,0,4096,65536,7.27553e+06,9007.73,1.48e+06,1.22052e+06,1.77625e+06,0,65536,0,0,ok
LRU,private,1048576,64,64,128,16,0,1,4096,65536,6.70418e+06,9775.39,1.38275e+06,1.1518e+06,1.63676e+06,0,65536,0,0,ok
LRU,private,1048576,64,64,128,16,0,2,4096,65536,7.46166e+06,8783.04,1.51502e+06,1.24885e+06,1.82169e+06,0,65536,0,0,ok
LRU,shared,1048576,64,64,128,16,0,0,4096,65536,7.31005e+07,896.519,9.72436e+06,1.10724e+06,1.78468e+07,0,65536,0,0,ok
LRU,shared,1048576,64,64,128,16,0,1,4096,65536,7.29906e+07,897.869,9.73625e+06,1.10214e+06,1.782e+07,0,65536,0,0,ok
LRU,shared,1048576,64,64,128,16,0,2,4096,65536,7.37223e+07,888.958,1.07573e+07,1.61082e+06,1.79986e+07,0,65536,0,0,ok
LRU,private,1048576,64,64,128,16,50,0,4096,65536,4.15613e+06,15768.5,853591,703597,1.01468e+06,32768,32768,0.5,0.5,ok
LRU,private,1048576,64,64,128,16,50,1,4096,65536,4.54186e+06,14429.3,932637,772753,1.10885e+06,32768,32768,0.5,0.5,ok
LRU,private,1048576,64,64,128,16,50,2,4096,65536,4.35605e+06,15044.8,881550,724250,1.06349e+06,32768,32768,0.5,0.5,ok
LRU,shared,1048576,64,64,128,16,50,0,4096,65536,4.50443e+07,1454.92,5.85864e+06,675575,1.09971e+07,32768,32768,0.5,0.5,ok
LRU,shared,1048576,64,64,128,16,50,1,4096,65536,4.5251e+07,1448.28,5.87206e+06,689962,1.10476e+07,32768,32768,0.5,0.5,ok
LRU,shared,1048576,64,64,128,16,50,2,4096,65536,4.48918e+07,1459.87,5.91775e+06,674759,1.09599e+07,32768,32768,0.5,0.5,ok
LRU,private,1048576,64,64,128,16,100,0,4096,65536,1.51203e+06,43343.1,302774,244667,369148,65520,16,0.999756,0.999756,ok
LRU,private,1048576,64,64,128,16,100,1,4096,65536,1.49686e+06,43782.3,301641,244883,365445,65520,16,0.999756,0.999756,ok
LRU,private,1048576,64,64,128,16,100,2,4096,65536,1.46914e+06,44608.3,301327,243732,358677,65520,16,0.999756,0.999756,ok
LRU,shared,1048576,64,64,128,16,100,0,4096,65536,1.63438e+07,4009.83,2.12258e+06,245578,3.99019e+06,65520,16,0.999756,0.999756,ok
LRU,shared,1048576,64,64,128,16,100,1,4096,65536,1.63359e+07,4011.77,2.1415e+06,244895,3.98826e+06,65520,16,0.999756,0.999756,ok
LRU,shared,1048576,64,64,128,16,100,2,4096,65536,1.63448e+07,4009.59,2.26282e+06,246989,3.99043e+06,65520,16,0.999756,0.999756,ok
LRU,private,1048576,64,64,128,24,0,0,4096,98304,8.2138e+06,11968.2,1.70948e+06,1.20694e+06,2.00532e+06,0,98304,0,0,ok
LRU,private,1048576,64,64,128,24,0,1,4096,98304,8.227e+06,11948.9,1.71522e+06,1.21141e+06,2.00855e+06,0,98304,0,0,ok
LRU,private,1048576,64,64,128,24,0,2,4096,98304,8.25656e+06,11906.2,1.72085e+06,1.21573e+06,2.01576e+06,0,98304,0,0,ok
LRU,shared,1048576,64,64,128,24,0,0,4096,98304,1.09042e+08,901.526,1.47062e+07,1.11608e+06,2.66215e+07,0,98304,0,0,ok
LRU,shared,1048576,64,64,128,24,0,1,4096,98304,1.09403e+08,898.546,1.39058e+07,1.10593e+06,2.67098e+07,0,98304,0,0,ok
LRU,shared,1048576,64,64,128,24,0,2,4096,98304,1.09272e+08,899.628,1.40903e+07,1.10582e+06,2.66777e+07,0,98304,0,0,ok
LRU,private,1048576,64,64,128,24,50,0,4096,98304,5.32763e+06,18451.7,1.09805e+06,763320,1.30069e+06,49152,49152,0.5,0.5,ok
LRU,private,1048576,64,64,128,24,50,1,4096,98304,5.89188e+06,16684.7,1.23849e+06,934387,1.43845e+06,49152,49152,0.5,0.5,ok
LRU,private,1048576,64,64,128,24,50,2,4096,98304,6.07332e+06,16186.2,1.28167e+06,1.01705e+06,1.48274e+06,49152,49152,0.5,0.5,ok
LRU,shared,1048576,64,64,128,24,50,0,4096,98304,6.76843e+07,1452.39,8.70793e+06,675621,1.65245e+07,49150,49154,0.49998,0.5,inexact
LRU,shared,1048576,64,64,128,24,50,1,4096,98304,6.81356e+07,1442.77,8.64685e+06,685091,1.66347e+07,49152,49152,0.5,0.5,ok
LRU,shared,1048576,64,64,128,24,50,2,4096,98304,6.86461e+07,1432.04,8.92442e+06,685944,1.67593e+07,49151,49153,0.49999,0.5,inexact
LRU,private,1048576,64,64,128,24,100,0,4096,98304,1.99065e+06,49382.8,422024,309760,485999,98280,24,0.999756,0.999756,ok
LRU,private,1048576,64,64,128,24,100,1,4096,98304,1.97119e+06,49870.4,406528,308886,481248,98280,24,0.999756,0.999756,ok
LRU,private,1048576,64,64,128,24,100,2,4096,98304,1.93439e+06,50819.2,393866,278384,472263,98280,24,0.999756,0.999756,ok
LRU,shared,1048576,64,64,128,24,100,0,4096,98304,2.47895e+07,3965.56,3.17735e+06,249937,6.05211e+06,98280,24,0.999756,0.999756,ok
LRU,shared,1048576,64,64,128,24,100,1,4096,98304,2.47885e+07,3965.71,3.15696e+06,248234,6.05188e+06,98280,24,0.999756,0.999756,ok
LRU,shared,1048576,64,64,128,24,100,2,4096,98304,2.47924e+07,3965.09,3.23459e+06,251943,6.05283e+06,98280,24,0.999756,0.999756,ok
