sample,min,max
1600,-0.039673,0.026245
4800,-0.619415,0.510681
8000,-0.068604,0.065430
11200,-0.428223,0.308807
14400,-0.663239,0.580536
17600,-0.810516,0.807465
20800,-0.886108,0.936157
24000,-0.608490,0.535034
27200,-0.671722,0.692474
30400,-0.489868,0.451599
33600,-0.328552,0.298828
36800,-0.309204,0.328796
40000,-0.726959,0.911957
43200,-0.330383,0.302917
46400,-0.091461,0.098389
49600,-0.092987,0.107758
52800,-0.627350,0.700378
56000,-0.546326,0.663940
59200,-0.236237,0.320740
62400,-0.231659,0.237518
65600,-0.737457,0.690918
68800,-0.879242,0.665710
72000,-0.354156,0.313049
75200,-0.679321,0.851196
78400,-0.497833,0.632690
81600,-0.497742,0.587097
84800,-0.289215,0.288177
88000,-0.422516,0.451050
91200,-0.311676,0.299591
94400,-0.225677,0.225952
97600,-0.071289,0.086182
100800,-0.006165,0.006958
104000,-0.009338,0.008698
107200,-0.014282,0.011810
110400,-0.161041,0.172668
113600,-0.436188,0.441650
116800,-0.903015,0.700226
120000,-0.451447,0.402679
123200,-0.400391,0.346802
126400,-0.498535,0.450378
129600,-0.234985,0.238129
132800,-0.121216,0.139191
136000,-0.206635,0.125092
139200,-0.930847,0.717163
142400,-0.402222,0.569855
145600,-0.386169,0.582520
148800,-0.242432,0.359711
152000,-0.300232,0.349884
155200,-0.268738,0.343384
158400,-0.150085,0.225708
161600,-0.009186,0.010742
164800,-0.642578,0.712036
168000,-0.866486,0.972107
171200,-0.291260,0.273132
174400,-0.238007,0.238403
177600,-0.274475,0.211700
180800,-0.224854,0.161194
184000,-0.206604,0.121033
187200,-0.014191,0.015839
190400,-0.491791,0.422211
193600,-0.166534,0.136993
196800,-0.173309,0.197510
200000,-0.150116,0.178009
203200,-0.122009,0.093689
206400,-0.031830,0.043304
209600,-0.549530,0.522247
212800,-0.597931,0.627563
216000,-0.472748,0.487793
219200,-0.027557,0.034027
222400,-0.013885,0.016724
225600,-0.576935,0.534882
228800,-0.542755,0.504395
232000,-0.217682,0.190002
235200,-0.206390,0.238983
238400,-0.207550,0.156647
241600,-0.313141,0.294830
244800,-0.151184,0.141571
248000,-0.358765,0.294861
251200,-0.025940,0.025360
254400,-0.308472,0.237274
257600,-0.352325,0.343292
260800,-0.555756,0.607086
264000,-0.411621,0.312256
267200,-0.255615,0.175720
270400,-0.180450,0.144897
273600,-0.148193,0.135956
276800,-0.005585,0.005402
280000,-0.205292,0.201019
283200,-0.389832,0.393555
286400,-0.121887,0.124756
289600,-0.472412,0.427094
292800,-0.376801,0.384216
296000,-0.026367,0.023895
299200,-0.268890,0.221344
302400,-0.285004,0.243835
305600,-0.180878,0.153137
308800,-0.073364,0.074432
312000,-0.220734,0.188873
315200,-0.160706,0.143250
318400,-0.226807,0.290405
321600,-0.383484,0.400970
324800,-0.261658,0.357300
328000,-0.339355,0.430511
331200,-0.391724,0.452911
334400,-0.325775,0.430389
337600,-0.492615,0.541870
340800,-0.130371,0.115509
344000,-0.090607,0.120392
347200,-0.135773,0.144714
350400,-0.069702,0.060974
353600,-0.143555,0.107178
356800,-0.242859,0.233490
360000,-0.118469,0.078613
363200,-0.111053,0.131439
366400,-0.298706,0.347656
369600,-0.204468,0.252655
372800,-0.227081,0.215881
376000,-0.053040,0.072235
379200,-0.142975,0.097870
382400,-0.159821,0.163116
385600,-0.343536,0.302460
388800,-0.428314,0.403656
392000,-0.408295,0.333466
395200,-0.301025,0.292572
398400,-0.154510,0.140106
401600,-0.423828,0.446198
404800,-0.375916,0.316071
408000,-0.134064,0.126801
411200,-0.193054,0.188568
414400,-0.179535,0.166534
417600,-0.118683,0.132996
420800,-0.379822,0.369812
424000,-0.095917,0.095459
427200,-0.084015,0.079742
430400,-0.130341,0.098907
433600,-0.180328,0.207947
436800,-0.153534,0.188629
440000,-0.108643,0.075867
443200,-0.189209,0.167908
446400,-0.123444,0.092285
449600,-0.093658,0.103790
452800,-0.234283,0.183624
456000,-0.144318,0.094208
459200,-0.053986,0.027771
462400,-0.177643,0.144226
465600,-0.176971,0.168762
468800,-0.189911,0.153900
472000,-0.074951,0.071259
475200,-0.022797,0.027740
478400,-0.029114,0.040710
481600,-0.154907,0.172791
484800,-0.183563,0.182404
488000,-0.232483,0.191528
491200,-0.152802,0.164795
494400,-0.127777,0.177765
497600,-0.151215,0.185272
500800,-0.021088,0.028900
504000,-0.101562,0.130005
507200,-0.061157,0.055481
510400,-0.037628,0.049347
513600,-0.046204,0.045319
516800,-0.007629,0.008667
520000,-0.011230,0.012970
523200,-0.724396,0.732941
526400,-0.625580,0.652039
529600,-0.834290,0.611298
532800,-0.414001,0.428192
536000,-0.368561,0.265137
539200,-0.095032,0.088989
542400,-0.251099,0.209564
545600,-0.223419,0.250885
548800,-0.741608,0.596008
552000,-0.722290,0.563293
555200,-0.045135,0.038269
558400,-0.017761,0.017761
561600,-0.388153,0.447021
564800,-0.356903,0.429871
568000,-0.667603,0.519226
571200,-0.793732,0.698792
574400,-0.166809,0.177216
577600,-0.615753,0.579712
580800,-0.218262,0.221039
584000,-0.399017,0.383636
587200,-0.516235,0.428192
590400,-0.461365,0.401917
593600,-0.009369,0.008942
596800,-0.006683,0.005585
600000,-0.691589,0.676575
603200,-0.330109,0.269928
606400,-0.366974,0.318115
609600,-0.598633,0.822144
612800,-0.658112,0.813202
616000,-0.443512,0.463409
619200,-0.021454,0.024200
622400,-0.398560,0.464996
625600,-0.427856,0.392151
628800,-0.110626,0.111725
632000,-0.555359,0.548950
635200,-0.620605,0.506622
638400,-0.101471,0.101868
641600,-0.004852,0.004181
644800,-0.569763,0.667877
648000,-0.651154,0.514343
651200,-0.772064,0.815582
654400,-0.342712,0.225586
657600,-0.548676,0.368317
660800,-0.447784,0.579987
664000,-0.927368,0.977448
667200,-0.900970,0.947174
670400,-0.016418,0.021118
673600,-0.006348,0.007599
676800,-0.269592,0.227112
680000,-0.400909,0.354828
683200,-0.405823,0.417450
686400,-0.391876,0.449524
689600,-0.086792,0.125580
692800,-0.228821,0.233459
696000,-0.359528,0.386871
699200,-0.419800,0.428253
702400,-0.290558,0.274567
705600,-0.269104,0.230743
708800,-0.691315,0.497284
712000,-0.477325,0.308533
715200,-0.356903,0.377289
718400,-0.452087,0.550262
721600,-0.393188,0.451141
724800,-0.007629,0.008270
728000,-0.006073,0.004730
731200,-0.016052,0.026337
734400,-0.010468,0.012817
737600,-0.008606,0.009033
740800,-0.103455,0.104858
744000,-0.032440,0.029114
747200,-0.853271,0.826538
750400,-0.815460,0.863586
753600,-0.797363,0.883789
756800,-0.884125,0.977966
760000,-0.429810,0.523407
763200,-0.247223,0.275665
766400,-0.009247,0.010376
769600,-0.003906,0.003998
772800,-0.654999,0.433197
776000,-0.371887,0.230927
779200,-0.241516,0.251526
782400,-0.131134,0.128143
785600,-0.671265,0.488251
788800,-0.588501,0.367188
792000,-0.098236,0.079376
795200,-0.014832,0.017365
798400,-0.320374,0.237732
801600,-0.606140,0.426147
804800,-0.345245,0.315094
808000,-0.319519,0.322266
811200,-0.180969,0.204193
814400,-0.027435,0.029663
817600,-0.438629,0.236298
820800,-0.334900,0.183624
824000,-0.335449,0.211945
827200,-0.360779,0.168701
830400,-0.042175,0.043274
833600,-0.009521,0.010376
836800,-0.797699,0.698975
840000,-0.719696,0.654205
843200,-0.213043,0.242950
846400,-0.012390,0.009094
849600,-0.840576,0.561066
852800,-0.591858,0.393982
856000,-0.194550,0.156891
859200,-0.053436,0.057312
862400,-0.020386,0.021454
865600,-0.014801,0.015991
868800,-0.006653,0.007599
872000,-0.574280,0.476685
875200,-0.381439,0.279572
878400,-0.339722,0.202850
881600,-0.015686,0.015411
884800,-0.010651,0.009735
888000,-0.682312,0.389252
891200,-0.384674,0.317078
894400,-0.164276,0.158325
897600,-0.014313,0.008331
900800,-0.006165,0.007050
904000,-0.514679,0.426483
907200,-0.525238,0.300018
910400,-0.239990,0.154785
913600,-0.060181,0.052063
916800,-0.015991,0.013336
920000,-0.278687,0.364471
923200,-0.555511,0.607819
926400,-0.292877,0.253052
929600,-0.242645,0.234924
932800,-0.035339,0.036652
936000,-0.008972,0.007721
939200,-0.432098,0.218231
942400,-0.457672,0.295471
945600,-0.204834,0.153473
948800,-0.060425,0.048370
952000,-0.012421,0.009491
955200,-0.161346,0.121643
958400,-0.307587,0.319489
961600,-0.362213,0.305908
964800,-0.089355,0.062622
968000,-0.740021,0.792389
971200,-0.478760,0.578613
974400,-0.017883,0.025146
977600,-0.005280,0.005646
980800,-0.035889,0.040497
984000,-0.025574,0.027100
987200,-0.011261,0.009949
990400,-0.427032,0.263062
993600,-0.599823,0.442322
996800,-0.583282,0.381714
1000000,-0.153687,0.096832
1003200,-0.003540,0.003632
1006400,-0.695831,0.705048
1009600,-0.886810,0.696808
1012800,-0.388824,0.364014
1016000,-0.228851,0.162170
1019200,-0.028229,0.040222
1022400,-0.009796,0.011169
1025600,-0.588257,0.376129
1028800,-0.236328,0.187531
1032000,-0.223145,0.243744
1035200,-0.168701,0.214325
1038400,-0.022369,0.024750
1041600,-0.038055,0.041504
1044800,-0.014526,0.014740
1048000,-0.286469,0.284668
1051200,-0.161011,0.113708
1054400,-0.146088,0.112122
1057600,-0.030121,0.028809
1060800,-0.021057,0.020966
1064000,-0.010864,0.010101
1067200,-0.727142,0.670227
1070400,-0.429230,0.417633
1073600,-0.390198,0.364471
1076800,-0.111542,0.128662
1080000,-0.009125,0.007050
1083200,-0.595764,0.521576
1086400,-0.512878,0.506226
1089600,-0.183167,0.169006
1092800,-0.070770,0.052124
1096000,-0.499420,0.487488
1099200,-0.442810,0.505371
1102400,-0.040253,0.041809
1105600,-0.012726,0.012543
1108800,-0.011780,0.008362
1112000,-0.620880,0.598419
1115200,-0.303589,0.289886
1118400,-0.189636,0.205719
1121600,-0.871277,0.749756
1124800,-0.811005,0.456085
1128000,-0.164032,0.159607
1131200,-0.005219,0.005707
1134400,-0.490906,0.523010
1137600,-0.569641,0.533630
1140800,-0.515564,0.442322
1144000,-0.100891,0.068817
1147200,-0.013702,0.018707
1150400,-0.014893,0.016968
1153600,-0.003448,0.003418
1156800,-0.530945,0.364441
1160000,-0.443512,0.409210
1163200,-0.148468,0.162384
1166400,-0.835114,0.459839
1169600,-0.600311,0.611816
1172800,-0.250122,0.274902
1176000,-0.020386,0.019775
1179200,-0.024475,0.027405
1182400,-0.011993,0.010345
1185600,-0.516113,0.429504
1188800,-0.489380,0.363068
1192000,-0.340973,0.326508
1195200,-0.044006,0.044434
1198400,-0.671173,0.642944
1201600,-0.519531,0.510315
1204800,-0.005920,0.007263
1208000,-0.034576,0.037415
1211200,-0.472656,0.386353
1214400,-0.559784,0.449371
1217600,-0.041809,0.045044
1220800,-0.217560,0.244629
1224000,-0.222595,0.224548
1227200,-0.018890,0.022827
1230400,-0.006958,0.006958
1233600,-0.510162,0.370819
1236800,-0.274414,0.268677
1240000,-0.270630,0.265228
1243200,-0.011688,0.010284
1246400,-0.014435,0.014313
1249600,-0.542694,0.396637
1252800,-0.598724,0.478149
1256000,-0.102509,0.082245
1259200,-0.053955,0.046783
1262400,-0.013672,0.014648
1265600,-0.012207,0.009918
1268800,-0.554871,0.626068
1272000,-0.456268,0.562500
1275200,-0.198517,0.199738
1278400,-0.375977,0.388977
1281600,-0.054840,0.049622
1284800,-0.684875,0.667603
1288000,-0.383759,0.448151
1291200,-0.016602,0.016510
1294400,-0.683228,0.664948
1297600,-0.673126,0.678467
1300800,-0.197418,0.181183
1304000,-0.054779,0.042358
1307200,-0.030426,0.036957
1310400,-0.013245,0.012939
1313600,-0.005890,0.005798
1316800,-0.207367,0.237274
1320000,-0.306061,0.250122
1323200,-0.341339,0.292603
1326400,-0.028198,0.027130
1329600,-0.025787,0.030243
1332800,-0.044952,0.050690
1336000,-0.022308,0.021545
1339200,-0.012634,0.018738
1342400,-0.008179,0.007996
1345600,-0.003601,0.003662
1348800,-0.004883,0.004272
1352000,-0.013428,0.015778
1355200,-0.022736,0.024475
1358400,-0.230377,0.184326
1361600,-0.344574,0.444031
1364800,-0.321747,0.378021
1368000,-0.324127,0.257477
1371200,-0.368652,0.311493
1374400,-0.124390,0.123566
1377600,-0.007172,0.005371
1380800,-0.004639,0.004333
1384000,-0.013367,0.012329
1387200,-0.013519,0.017670
1390400,-0.013855,0.011749
1393600,-0.007721,0.009949
1396800,-0.005493,0.008881
1400000,-0.005096,0.005920
1403200,-0.003632,0.004517
1406400,-0.006714,0.006622
1409600,-0.004486,0.004028
1412800,-0.030701,0.027771
1416000,-0.662964,0.609985
1419200,-0.388855,0.497650
1422400,-0.979095,0.958221
1425600,-0.401215,0.320648
1428800,-0.979523,0.832397
1432000,-0.980286,0.863647
1435200,-0.223450,0.209930
1438400,-0.578827,0.484833
1441600,-0.608124,0.455139
1444800,-0.249023,0.243378
1448000,-0.532562,0.399750
1451200,-0.716339,0.628845
1454400,-0.690491,0.553650
1457600,-0.164764,0.177368
1460800,-0.710419,0.609558
1464000,-0.574646,0.636902
1467200,-0.401733,0.500793
1470400,-0.286438,0.330261
1473600,-0.454987,0.445557
1476800,-0.313049,0.253540
1480000,-0.011414,0.011810
1483200,-0.015045,0.016571
1486400,-0.424683,0.425446
1489600,-0.423950,0.431793
1492800,-0.376678,0.233551
1496000,-0.357727,0.236023
1499200,-0.356415,0.236786
1502400,-0.300812,0.243103
1505600,-0.189575,0.209808
1508800,-0.378845,0.322601
1512000,-0.203461,0.175781
1515200,-0.146393,0.128815
1518400,-0.284851,0.217072
1521600,-0.316956,0.239563
1524800,-0.226044,0.202606
1528000,-0.088226,0.070709
1531200,-0.378540,0.285522
1534400,-0.091980,0.056366
1537600,-0.455719,0.331512
1540800,-0.282745,0.236206
1544000,-0.373291,0.252777
1547200,-0.252319,0.211639
1550400,-0.313263,0.286926
1553600,-0.097992,0.118469
1556800,-0.254272,0.213806
1560000,-0.017914,0.018219
1563200,-0.162567,0.108704
1566400,-0.129883,0.073944
1569600,-0.180023,0.166016
1572800,-0.186737,0.142426
1576000,-0.096741,0.067444
1579200,-0.980103,0.833740
1582400,-0.981384,0.973114
1585600,-0.974701,0.979431
1588800,-0.926971,0.649139
1592000,-0.750732,0.517944
1595200,-0.056183,0.033600
1598400,-0.003998,0.003845
1601600,-0.813019,0.703278
1604800,-0.627289,0.939667
1608000,-0.611694,0.770752
1611200,-0.976837,0.852386
1614400,-0.626862,0.501495
1617600,-0.277710,0.273163
1620800,-0.735840,0.899292
1624000,-0.975769,0.978699
1627200,-0.979279,0.975555
1630400,-0.602051,0.723145
1633600,-0.492584,0.447754
1636800,-0.730927,0.683624
1640000,-0.533447,0.549713
1643200,-0.299774,0.414825
1646400,-0.228333,0.261688
1649600,-0.456451,0.401917
1652800,-0.379303,0.421875
1656000,-0.408569,0.380890
1659200,-0.353210,0.371399
1662400,-0.458466,0.475769
1665600,-0.289673,0.339447
1668800,-0.338165,0.333466
1672000,-0.392975,0.330017
1675200,-0.979462,0.908203
1678400,-0.978577,0.980682
1681600,-0.831970,0.964874
1684800,-0.978088,0.979767
1688000,-0.975464,0.879517
1691200,-0.630737,0.518219
1694400,-0.980438,0.973724
1697600,-0.862823,0.797028
1700800,-0.979431,0.981934
1704000,-0.982941,0.977722
1707200,-0.979340,0.975861
1710400,-0.019257,0.015900
1713600,-0.800323,0.548248
1716800,-0.669128,0.467987
1720000,-0.980530,0.702271
1723200,-0.860992,0.646942
1726400,-0.976837,0.980713
1729600,-0.832214,0.636444
1732800,-0.980835,0.964386
1736000,-0.559937,0.687531
1739200,-0.984863,0.927155
1742400,-0.974091,0.824036
1745600,-0.760773,0.598389
1748800,-0.880859,0.642578
1752000,-0.442841,0.366089
1755200,-0.806213,0.741882
1758400,-0.386475,0.380280
1761600,-0.010132,0.008820
1764800,-0.462311,0.493317
1768000,-0.485260,0.408264
1771200,-0.230835,0.219421
1774400,-0.086700,0.088593
1777600,-0.539917,0.431793
1780800,-0.250824,0.228790
1784000,-0.255341,0.249664
1787200,-0.512177,0.366302
1790400,-0.981110,0.791992
1793600,-0.584595,0.340027
1796800,-0.190247,0.209656
1800000,-0.659943,0.585968
1803200,-0.594208,0.566589
1806400,-0.101654,0.097229
1809600,-0.036560,0.035980
1812800,-0.579193,0.499817
1816000,-0.635681,0.543793
1819200,-0.669708,0.800751
1822400,-0.503052,0.356140
1825600,-0.127625,0.091095
1828800,-0.177582,0.312347
1832000,-0.536469,0.564911
1835200,-0.431519,0.383972
1838400,-0.727570,0.476074
1841600,-0.999969,0.546051
1844800,-0.412018,0.376617
1848000,-0.328522,0.221497
1851200,-0.870728,0.638458
1854400,-0.793121,0.604462
1857600,-0.641693,0.537109
1860800,-0.943115,0.965179
1864000,-0.648773,0.571503
1867200,-0.224915,0.177887
1870400,-0.328186,0.231873
1873600,-0.514496,0.428040
1876800,-0.976929,0.968781
1880000,-0.552063,0.548401
1883200,-0.957062,0.959595
1886400,-0.955902,0.961731
1889600,-0.068420,0.083496
1892800,-0.650146,0.614746
1896000,-0.902191,0.718567
1899200,-0.985199,0.757904
1902400,-0.882568,0.722046
1905600,-0.260376,0.265991
1908800,-0.975891,0.976440
1912000,-0.977234,0.820404
1915200,-0.105469,0.076874
1918400,-0.044464,0.039551
1921600,-0.993469,0.945251
1924800,-0.962769,0.618347
1928000,-0.725616,0.498108
1931200,-0.730255,0.516693
1934400,-0.337280,0.311676
1937600,-0.611725,0.265747
1940800,-0.977509,0.777191
1944000,-0.093994,0.106873
1947200,-0.235779,0.245850
1950400,-0.077759,0.066040
1953600,-0.975952,0.877197
1956800,-0.642731,0.524445
1960000,-0.280792,0.384735
1963200,-0.507263,0.362427
1966400,-0.547913,0.498627
1969600,-0.649323,0.496765
1972800,-0.588165,0.347168
1976000,-0.382538,0.226074
1979200,-0.126770,0.092255
1982400,-0.373627,0.408600
1985600,-0.274933,0.297913
1988800,-0.518097,0.379517
1992000,-0.656342,0.495056
1995200,-0.049896,0.055603
1998400,-0.207733,0.211304
2001600,-0.730438,0.554077
2004800,-0.730286,0.454468
2008000,-0.702515,0.387177
2011200,-0.336517,0.244049
2014400,-0.495483,0.321075
2017600,-0.277679,0.241760
2020800,-0.285431,0.240387
2024000,-0.605347,0.425842
2027200,-0.128571,0.119873
2030400,-0.916290,0.848480
2033600,-0.811768,0.392700
2036800,-0.293640,0.300293
2040000,-0.438904,0.332855
2043200,-0.410522,0.240784
2046400,-0.169678,0.132721
2049600,-0.413422,0.239105
2052800,-0.635406,0.756104
2056000,-0.160065,0.178192
2059200,-0.506470,0.462433
2062400,-0.199677,0.191437
2065600,-0.221039,0.187012
2068800,-0.192749,0.158112
2072000,-0.534576,0.566010
2075200,-0.238922,0.238647
2078400,-0.227112,0.160126
2081600,-0.160187,0.153259
2084800,-0.450745,0.312927
2088000,-0.169952,0.141327
2091200,-0.479492,0.365936
2094400,-0.828979,0.886536
2097600,-0.156311,0.125275
2100800,-0.466797,0.389771
2104000,-0.620300,0.456573
2107200,-0.048431,0.046478
2110400,-0.429596,0.457123
2113600,-0.724548,0.595032
2116800,-0.156586,0.145630
2120000,-0.733337,0.693146
2123200,-0.259979,0.199615
2126400,-0.034363,0.032349
2129600,-0.105896,0.094727
2132800,-0.866455,0.810211
2136000,-0.358002,0.301941
2139200,-0.261108,0.189575
2142400,-0.121735,0.117706
2145600,-0.359772,0.258575
2148800,-0.642914,0.548187
2152000,-0.252411,0.175964
2155200,-0.256653,0.227203
2158400,-0.229980,0.167328
2161600,-0.194275,0.183228
2164800,-0.151611,0.164001
2168000,-0.910461,0.639008
2171200,-0.502045,0.502838
2174400,-0.497467,0.375580
2177600,-0.477356,0.386932
2180800,-0.504883,0.416748
2184000,-0.340149,0.317902
2187200,-0.062103,0.098389
2190400,-0.025757,0.026428
2193600,-0.840240,0.636963
2196800,-0.176636,0.167694
2200000,-0.223083,0.260284
2203200,-0.379364,0.248199
2206400,-0.244019,0.206207
2209600,-0.250488,0.224670
2212800,-0.239746,0.228180
2216000,-0.297211,0.203888
2219200,-0.404236,0.278534
2222400,-0.230316,0.219208
2225600,-0.027130,0.022217
2228800,-0.009155,0.007385
2232000,-0.009979,0.008728
2235200,-0.008514,0.009155
2238400,-0.204163,0.175018
2241600,-0.310333,0.300598
2244800,-0.976318,0.975555
2248000,-0.784241,0.739075
2251200,-0.872833,0.936218
2254400,-0.978973,0.979614
2257600,-0.472229,0.467468
2260800,-0.677155,0.853607
2264000,-0.532959,0.418091
2267200,-0.555023,0.529694
2270400,-0.170380,0.149689
2273600,-0.518890,0.520782
2276800,-0.759796,0.593903
2280000,-0.349548,0.342773
2283200,-0.116394,0.071838
2286400,-0.473907,0.464508
2289600,-0.481018,0.494598
2292800,-0.684906,0.631439
2296000,-0.231018,0.288116
2299200,-0.306030,0.341980
2302400,-0.418274,0.536163
2305600,-0.807098,0.747040
2308800,-0.256012,0.230194
2312000,-0.464630,0.473206
2315200,-0.450195,0.382904
2318400,-0.252075,0.207703
2321600,-0.181000,0.165314
2324800,-0.444183,0.467407
2328000,-0.179382,0.184204
2331200,-0.301971,0.263885
2334400,-0.235077,0.202972
2337600,-0.406067,0.305115
2340800,-0.165558,0.175537
2344000,-0.367645,0.359497
2347200,-0.023285,0.030396
2350400,-0.481110,0.513977
2353600,-0.522888,0.491669
2356800,-0.101318,0.097229
2360000,-0.733368,0.569031
2363200,-0.120300,0.146973
2366400,-0.277374,0.401245
2369600,-0.463226,0.425659
2372800,-0.346527,0.304596
2376000,-0.477997,0.468414
2379200,-0.358978,0.358521
2382400,-0.098267,0.098511
2385600,-0.419312,0.495270
2388800,-0.062317,0.072906
2392000,-0.046143,0.061859
2395200,-0.266266,0.376801
2398400,-0.084503,0.088776
2401600,-0.299988,0.324249
2404800,-0.622101,0.447449
2408000,-0.520721,0.527985
2411200,-0.072052,0.075256
2414400,-0.029236,0.034058
2417600,-0.070984,0.080597
2420800,-0.108612,0.088196
2424000,-0.048126,0.054962
2427200,-0.027191,0.028137
2430400,-0.028320,0.031128
2433600,-0.011261,0.012085
2436800,-0.977417,0.974182
2440000,-0.978027,0.965546
2443200,-0.900421,0.814240
2446400,-0.698883,0.828369
2449600,-0.174255,0.163116
2452800,-0.901154,0.884674
2456000,-0.873749,0.861816
2459200,-0.235168,0.225464
2462400,-0.661133,0.757263
2465600,-0.771210,0.549164
2468800,-0.635223,0.481689
2472000,-0.031250,0.030060
2475200,-0.005493,0.006378
2478400,-0.200226,0.223450
2481600,-0.216583,0.157379
2484800,-0.217896,0.186035
2488000,-0.010101,0.013824
2491200,-0.198761,0.232544
2494400,-0.183655,0.205139
2497600,-0.363281,0.377136
2500800,-0.217102,0.172028
2504000,-0.369476,0.366821
2507200,-0.065704,0.053558
2510400,-0.010132,0.010315
2513600,-0.392426,0.419708
2516800,-0.489288,0.387695
2520000,-0.501404,0.422791
2523200,-0.102814,0.096863
2526400,-0.017303,0.018066
2529600,-0.006989,0.007141
2532800,-0.014862,0.017548
2536000,-0.075592,0.084778
2539200,-0.276917,0.273438
2542400,-0.240906,0.342560
2545600,-0.194885,0.201080
2548800,-0.077362,0.083282
2552000,-0.005707,0.006195
2555200,-0.026398,0.023071
2558400,-0.051788,0.053894
2561600,-0.229706,0.260468
2564800,-0.320465,0.282654
2568000,-0.547913,0.604767
2571200,-0.248840,0.342896
2574400,-0.050629,0.050629
2577600,-0.170959,0.164825
2580800,-0.150513,0.167511
2584000,-0.113037,0.105225
2587200,-0.370697,0.479584
2590400,-0.417786,0.390747
2593600,-0.012054,0.013641
2596800,-0.098206,0.071625
2600000,-0.346436,0.262787
2603200,-0.199127,0.168945
2606400,-0.185944,0.178619
2609600,-0.329315,0.307831
2612800,-0.258728,0.195587
2616000,-0.260437,0.313324
2619200,-0.199707,0.215027
2622400,-0.142731,0.194977
2625600,-0.301697,0.234558
2628800,-0.166962,0.144623
2632000,-0.208038,0.203461
2635200,-0.146881,0.096893
2638400,-0.017914,0.012421
2641600,-0.006653,0.008423
2644800,-0.175598,0.156403
2648000,-0.369598,0.210388
2651200,-0.341461,0.416565
2654400,-0.017944,0.019470
2657600,-0.005707,0.007355
2660800,-0.006714,0.005585
2664000,-0.440277,0.511047
2667200,-0.738708,0.684937
2670400,-0.545868,0.477417
2673600,-0.476410,0.386658
2676800,-0.190277,0.156128
2680000,-0.577911,0.448456
2683200,-0.176025,0.160309
2686400,-0.304749,0.252350
2689600,-0.240356,0.257263
2692800,-0.264465,0.334595
2696000,-0.262573,0.307220
2699200,-0.134674,0.130096
2702400,-0.208252,0.176880
2705600,-0.240387,0.218079
2708800,-0.241699,0.209625
2712000,-0.247681,0.228699
2715200,-0.318970,0.306030
2718400,-0.595886,0.672852
2721600,-0.306427,0.267517
2724800,-0.155396,0.191742
2728000,-0.254974,0.231995
2731200,-0.199707,0.192383
2734400,-0.164856,0.145355
2737600,-0.237274,0.178558
2740800,-0.225739,0.192047
2744000,-0.183990,0.170044
2747200,-0.081757,0.075653
2750400,-0.264038,0.235535
2753600,-0.269653,0.272125
2756800,-0.248657,0.190430
2760000,-0.238129,0.215363
2763200,-0.333130,0.340179
2766400,-0.311890,0.260620
2769600,-0.207275,0.149048
2772800,-0.087769,0.069122
2776000,-0.215820,0.241882
2779200,-0.195374,0.220276
2782400,-0.164825,0.221375
2785600,-0.199432,0.182709
2788800,-0.270416,0.226685
2792000,-0.010376,0.007751
2795200,-0.003876,0.004028
2798400,-0.394165,0.348602
2801600,-0.349823,0.289490
2804800,-0.308868,0.219452
2808000,-0.580048,0.393005
2811200,-0.976746,0.968323
2814400,-0.713257,0.612244
2817600,-0.565491,0.409424
2820800,-0.930878,0.857727
2824000,-0.889252,0.927185
2827200,-0.606415,0.588806
2830400,-0.654968,0.643524
2833600,-0.869202,0.877869
2836800,-0.173157,0.144257
2840000,-0.733307,0.700470
2843200,-0.523438,0.412842
2846400,-0.673950,0.502655
2849600,-0.371521,0.405334
2852800,-0.747589,0.666443
2856000,-0.861511,0.639496
2859200,-0.761078,0.747498
2862400,-0.669739,0.620636
2865600,-0.478973,0.374329
2868800,-0.394928,0.459259
2872000,-0.257080,0.203827
2875200,-0.855377,0.909088
2878400,-0.729889,0.740845
2881600,-0.177795,0.174286
2884800,-0.005981,0.004913
2888000,-0.004669,0.004089
2891200,-0.004364,0.004730
2894400,-0.004730,0.005310
2897600,-0.076630,0.088531
2900800,-0.206543,0.223450
2904000,-0.244507,0.234314
2907200,-0.256927,0.250732
2910400,-0.019531,0.022339
2913600,-0.166260,0.156738
2916800,-0.753510,0.737976
2920000,-0.713379,0.395599
2923200,-0.861450,0.811340
2926400,-0.696198,0.858612
2929600,-0.942780,0.804382
2932800,-0.954315,0.958435
2936000,-0.350189,0.424866
2939200,-0.395630,0.359070
2942400,-0.282990,0.265961
2945600,-0.742188,0.628326
2948800,-0.572906,0.382050
2952000,-0.502533,0.321259
2955200,-0.696869,0.558289
2958400,-0.054474,0.058746
2961600,-0.542999,0.478485
2964800,-0.425781,0.366364
2968000,-0.060516,0.069641
2971200,-0.480652,0.444336
2974400,-0.406799,0.372406
2977600,-0.067902,0.067688
2980800,-0.416626,0.469482
2984000,-0.546173,0.596222
2987200,-0.048157,0.056396
2990400,-0.874329,0.688232
2993600,-0.832733,0.798401
2996800,-0.050568,0.051086
3000000,-0.032990,0.032043
3003200,-0.024567,0.026428
3006400,-0.021637,0.022614
3009600,-0.024200,0.023041
3012800,-0.011505,0.011230
3016000,-0.008453,0.007355
3019200,-0.006439,0.006927
3022400,-0.006317,0.006683
3025600,-0.329529,0.227417
3028800,-0.979614,0.790283
3032000,-0.980011,0.981598
3035200,-0.143127,0.139801
3038400,-0.022919,0.021179
3041600,-0.004578,0.004761
3044800,-0.013885,0.013702
3048000,-0.090363,0.075348
3051200,-0.562164,0.432129
3054400,-0.492950,0.619995
3057600,-0.336731,0.172211
3060800,-0.937073,0.780212
3064000,-0.300415,0.324005
3067200,-0.035370,0.034821
3070400,-0.014313,0.011505
3073600,-0.976990,0.963074
3076800,-0.962891,0.977234
3080000,-0.582733,0.525970
3083200,-0.480988,0.570953
3086400,-0.642914,0.643555
3089600,-0.431519,0.410797
3092800,-0.476929,0.491760
3096000,-0.567139,0.514343
3099200,-0.561951,0.549164
3102400,-0.479340,0.474548
3105600,-0.427063,0.432159
3108800,-0.675354,0.609406
3112000,-0.540619,0.689911
3115200,-0.983154,0.946106
3118400,-0.049927,0.047363
3121600,-0.081726,0.072266
3124800,-0.016937,0.017944
3128000,-0.006866,0.007233
3131200,-0.629822,0.699493
3134400,-0.646118,0.853058
3137600,-0.619507,0.688690
3140800,-0.562836,0.612885
3144000,-0.532806,0.603516
3147200,-0.729065,0.815063
3150400,-0.125183,0.095428
3153600,-0.644348,0.674652
3156800,-0.540985,0.447327
3160000,-0.462494,0.456726
3163200,-0.416992,0.408447
3166400,-0.022064,0.022095
3169600,-0.009766,0.011688
3172800,-0.324005,0.370392
3176000,-0.721313,0.709290
3179200,-0.547485,0.635315
3182400,-0.552460,0.493347
3185600,-0.454437,0.463318
3188800,-0.262756,0.275696
3192000,-0.076660,0.089081
3195200,-0.663300,0.910461
3198400,-0.252899,0.249268
3201600,-0.557495,0.752167
3204800,-0.491638,0.410675
3208000,-0.306793,0.307373
3211200,-0.177216,0.156219
3214400,-0.710815,0.679718
3217600,-0.480530,0.467468
3220800,-0.063049,0.073273
3224000,-0.035461,0.033600
3227200,-0.052551,0.043701
3230400,-0.372986,0.328461
3233600,-0.701965,0.652740
3236800,-0.451782,0.484650
3240000,-0.548950,0.625305
3243200,-0.026550,0.028595
3246400,-0.472443,0.384216
3249600,-0.684448,0.639618
3252800,-0.428192,0.514038
3256000,-0.622375,0.697479
3259200,-0.651917,0.652832
3262400,-0.508240,0.598938
3265600,-0.542877,0.554413
3268800,-0.497040,0.574341
3272000,-0.348083,0.296417
3275200,-0.355957,0.375793
3278400,-0.506439,0.517181
3281600,-0.447052,0.454254
3284800,-0.664185,0.578033
3288000,-0.598389,0.605804
3291200,-0.357361,0.336487
3294400,-0.425507,0.479950
3297600,-0.379303,0.374573
3300800,-0.292480,0.273346
3304000,-0.269623,0.224213
3307200,-0.028870,0.028076
3310400,-0.009949,0.012115
3313600,-0.459534,0.424042
3316800,-0.485260,0.453644
3320000,-0.445496,0.409790
3323200,-0.387695,0.416901
3326400,-0.525452,0.607330
3329600,-0.400757,0.369934
3332800,-0.958435,0.972748
3336000,-0.979706,0.979187
3339200,-0.544769,0.471985
3342400,-0.335663,0.368591
3345600,-0.841125,0.761536
3348800,-0.728394,0.661499
3352000,-0.841095,0.829163
3355200,-0.769257,0.978577
3358400,-0.550903,0.597168
3361600,-0.674805,0.520905
3364800,-0.051697,0.061859
3368000,-0.376404,0.379730
3371200,-0.389893,0.386078
3374400,-0.126068,0.102417
3377600,-0.399170,0.485046
3380800,-0.695038,0.664337
3384000,-0.075256,0.068970
3387200,-0.356171,0.368317
3390400,-0.428406,0.539276
3393600,-0.058533,0.062378
3396800,-0.417908,0.387909
3400000,-0.044220,0.043182
3403200,-0.052643,0.058685
3406400,-0.041809,0.047028
3409600,-0.047913,0.047394
3412800,-0.039642,0.043701
3416000,-0.032379,0.044861
3419200,-0.728790,0.607239
3422400,-0.923889,0.843323
3425600,-0.030701,0.029327
3428800,-0.875214,0.610992
3432000,-0.649017,0.611572
3435200,-0.981018,0.783112
3438400,-0.069763,0.063995
3441600,-0.016693,0.013428
3444800,-0.121002,0.107056
3448000,-0.637054,0.484131
3451200,-0.334106,0.319946
3454400,-0.280243,0.197052
3457600,-0.622864,0.519196
3460800,-0.673370,0.548462
3464000,-0.162842,0.139893
3467200,-0.459259,0.481720
3470400,-0.315063,0.183167
3473600,-0.044952,0.050110
3476800,-0.018646,0.018768
3480000,-0.005920,0.005615
3483200,-0.982117,0.977753
3486400,-0.441559,0.358002
3489600,-0.516571,0.488403
3492800,-0.040009,0.053619
3496000,-0.038605,0.042603
3499200,-0.623871,0.407013
3502400,-0.973907,0.972656
3505600,-0.462494,0.430084
3508800,-0.226379,0.222961
3512000,-0.139038,0.149963
3515200,-0.023926,0.028015
3518400,-0.017395,0.025604
3521600,-0.006134,0.006042
3524800,-0.046265,0.043243
3528000,-0.318329,0.250916
3531200,-0.418152,0.401794
3534400,-0.327667,0.308990
3537600,-0.510803,0.343872
3540800,-0.133423,0.105438
3544000,-0.008057,0.007782
3547200,-0.006134,0.005890
3550400,-0.011200,0.008850
3553600,-0.005402,0.005188
3556800,-0.644501,0.737915
3560000,-0.725372,0.722961
3563200,-0.567108,0.506897
3566400,-0.083374,0.090454
3569600,-0.034149,0.022156
3572800,-0.052979,0.063507
3576000,-0.023926,0.027863
3579200,-0.041962,0.053680
3582400,-0.052246,0.047516
3585600,-0.374023,0.428619
3588800,-0.244568,0.259216
3592000,-0.820099,0.604095
3595200,-0.459351,0.341980
3598400,-0.100342,0.094299
3601600,-0.384796,0.293121
3604800,-0.433716,0.356445
3608000,-0.445709,0.452087
3611200,-0.300659,0.249298
3614400,-0.279907,0.356323
3617600,-0.404114,0.458832
3620800,-0.254639,0.291321
3624000,-0.306610,0.281433
3627200,-0.192352,0.225403
3630400,-0.559692,0.626953
3633600,-0.958496,0.763428
3636800,-0.812256,0.662476
3640000,-0.346222,0.319336
3643200,-0.278564,0.256561
3646400,-0.307434,0.246826
3649600,-0.144012,0.208099
3652800,-0.191101,0.225128
3656000,-0.069702,0.099091
3659200,-0.122803,0.148010
3662400,-0.973846,0.942566
3665600,-0.342834,0.302185
3668800,-0.975159,0.822235
3672000,-0.855530,0.855316
3675200,-0.699646,0.505402
3678400,-0.501251,0.473907
3681600,-0.222626,0.231964
3684800,-0.359192,0.322937
3688000,-0.481750,0.418762
3691200,-0.583710,0.686371
3694400,-0.538940,0.391541
3697600,-0.548340,0.669891
3700800,-0.488617,0.405487
3704000,-0.305664,0.265472
3707200,-0.274445,0.185272
3710400,-0.365295,0.377930
3713600,-0.166290,0.145020
3716800,-0.076813,0.086792
3720000,-0.526245,0.560516
3723200,-0.257294,0.324677
3726400,-0.009277,0.007446
3729600,-0.007477,0.007202
3732800,-0.005127,0.005493
3736000,-0.760651,0.617645
3739200,-0.570465,0.444885
3742400,-0.600464,0.447968
3745600,-0.273834,0.397125
3748800,-0.148407,0.223663
3752000,-0.138733,0.151154
3755200,-0.008972,0.013367
3758400,-0.014923,0.015472
3761600,-0.088257,0.088806
3764800,-0.323242,0.290131
3768000,-0.598633,0.471313
3771200,-0.245422,0.220978
3774400,-0.161011,0.124207
3777600,-0.129730,0.111969
3780800,-0.240784,0.180481
3784000,-0.301270,0.231659
3787200,-0.318481,0.222992
3790400,-0.241547,0.256805
3793600,-0.138763,0.155182
3796800,-0.362793,0.352417
3800000,-0.159210,0.107971
3803200,-0.127319,0.104462
3806400,-0.212463,0.201843
3809600,-0.123444,0.111816
3812800,-0.066833,0.048126
3816000,-0.154572,0.151520
3819200,-0.337708,0.215393
3822400,-0.142090,0.095032
3825600,-0.169769,0.143250
3828800,-0.170227,0.184601
3832000,-0.171204,0.151794
3835200,-0.184662,0.211365
3838400,-0.254730,0.292877
3841600,-0.153503,0.148621
3844800,-0.133057,0.106018
3848000,-0.218475,0.197357
3851200,-0.341370,0.201172
3854400,-0.013062,0.014923
3857600,-0.157776,0.118774
3860800,-0.052338,0.061890
3864000,-0.166229,0.145172
3867200,-0.146027,0.121368
3870400,-0.268097,0.224762
3873600,-0.013031,0.024200
3876800,-0.319489,0.206482
3880000,-0.196075,0.208405
3883200,-0.075104,0.086090
3886400,-0.270386,0.235046
3889600,-0.118286,0.155243
3892800,-0.274689,0.233459
3896000,-0.208435,0.158752
3899200,-0.285522,0.279999
3902400,-0.215973,0.166260
3905600,-0.310089,0.259338
3908800,-0.249725,0.216095
3912000,-0.241608,0.191315
3915200,-0.125458,0.100891
3918400,-0.065186,0.051941
3921600,-0.130371,0.137604
3924800,-0.239624,0.227356
3928000,-0.172455,0.192200
3931200,-0.128754,0.110962
3934400,-0.340118,0.248718
3937600,-0.087036,0.090759
3940800,-0.312073,0.247925
3944000,-0.161865,0.134125
3947200,-0.227814,0.149872
3950400,-0.142426,0.125366
3953600,-0.354767,0.298706
3956800,-0.275085,0.206329
3960000,-0.162903,0.149902
3963200,-0.142395,0.139679
3966400,-0.222443,0.204956
3969600,-0.324127,0.230682
3972800,-0.202362,0.149200
3976000,-0.177856,0.124023
3979200,-0.151764,0.130524
3982400,-0.090942,0.088501
3985600,-0.297791,0.208832
3988800,-0.126862,0.121216
3992000,-0.173370,0.142731
3995200,-0.285004,0.204926
3998400,-0.212555,0.205353
4001600,-0.356659,0.325043
4004800,-0.316925,0.337006
4008000,-0.044617,0.036133
4011200,-0.277893,0.306793
4014400,-0.151794,0.125549
4017600,-0.146942,0.145966
4020800,-0.114471,0.101654
4024000,-0.110779,0.121368
4027200,-0.084442,0.106232
4030400,-0.292297,0.299652
4033600,-0.190063,0.186859
4036800,-0.291321,0.248688
4040000,-0.221344,0.133728
4043200,-0.003052,0.003632
4046400,-0.378540,0.447845
4049600,-0.309509,0.406097
4052800,-0.286774,0.176331
4056000,-0.188354,0.193329
4059200,-0.326721,0.296967
4062400,-0.205963,0.165833
4065600,-0.110229,0.115662
4068800,-0.243591,0.276398
4072000,-0.195526,0.136414
4075200,-0.195251,0.159637
4078400,-0.173706,0.130768
4081600,-0.247833,0.186707
4084800,-0.115784,0.134735
4088000,-0.286102,0.241486
4091200,-0.202484,0.104065
4094400,-0.232605,0.153107
4097600,-0.173828,0.202759
4100800,-0.103027,0.101746
4104000,-0.095062,0.097656
4107200,-0.128021,0.096161
4110400,-0.312805,0.199036
4113600,-0.362396,0.239532
4116800,-0.064484,0.052307
4120000,-0.101746,0.094421
4123200,-0.223633,0.187286
4126400,-0.141418,0.153198
4129600,-0.249878,0.235413
4132800,-0.102295,0.120544
4136000,-0.206573,0.156189
4139200,-0.183990,0.135651
4142400,-0.144592,0.111786
4145600,-0.277191,0.188263
4148800,-0.047272,0.059967
4152000,-0.129700,0.097229
4155200,-0.128510,0.137024
4158400,-0.168427,0.133820
4161600,-0.190125,0.159882
4164800,-0.352600,0.204468
4168000,-0.345367,0.370422
4171200,-0.300323,0.212006
4174400,-0.326111,0.221252
4177600,-0.108093,0.077759
4180800,-0.087189,0.076782
4184000,-0.008118,0.008301
4187200,-0.314209,0.258606
4190400,-0.065948,0.048676
4193600,-0.122925,0.115417
4196800,-0.169922,0.206848
4200000,-0.118317,0.165558
4203200,-0.282562,0.265198
4206400,-0.171539,0.149719
4209600,-0.209808,0.179657
4212800,-0.118103,0.096313
4216000,-0.179626,0.119202
4219200,-0.240173,0.145294
4222400,-0.162811,0.123352
4225600,-0.174652,0.136017
4228800,-0.146606,0.117340
4232000,-0.334839,0.278534
4235200,-0.122314,0.080719
4238400,-0.114899,0.117249
4241600,-0.308533,0.242828
4244800,-0.261230,0.248291
4248000,-0.346466,0.218994
4251200,-0.258392,0.165070
4254400,-0.104706,0.085876
4257600,-0.056885,0.056274
4260800,-0.181488,0.130768
4264000,-0.138885,0.100525
4267200,-0.147919,0.136932
4270400,-0.118958,0.141479
4273600,-0.179474,0.219879
4276800,-0.323944,0.335358
4280000,-0.283508,0.271637
4283200,-0.138062,0.169922
4286400,-0.108826,0.097931
4289600,-0.121735,0.098145
4292800,-0.090302,0.100952
4296000,-0.163483,0.179779
4299200,-0.240814,0.224548
4302400,-0.204285,0.230774
4305600,-0.201416,0.219971
4308800,-0.234619,0.162384
4312000,-0.006348,0.007202
4315200,-0.429047,0.475800
4318400,-0.272064,0.285828
4321600,-0.146698,0.105591
4324800,-0.240204,0.177002
4328000,-0.249115,0.208679
4331200,-0.216187,0.203766
4334400,-0.128296,0.137848
4337600,-0.221191,0.155579
4340800,-0.207092,0.158264
4344000,-0.217285,0.177704
4347200,-0.195770,0.185944
4350400,-0.129395,0.141937
4353600,-0.265198,0.191162
4356800,-0.152008,0.113495
4360000,-0.150513,0.143188
4363200,-0.024567,0.017914
4366400,-0.219299,0.217102
4369600,-0.229218,0.198730
4372800,-0.083893,0.080139
4376000,-0.156494,0.143097
4379200,-0.249847,0.193634
4382400,-0.107178,0.097107
4385600,-0.078064,0.060364
4388800,-0.173920,0.161041
4392000,-0.243958,0.187317
4395200,-0.126068,0.140137
4398400,-0.267365,0.194214
4401600,-0.270752,0.190582
4404800,-0.184937,0.132507
4408000,-0.209351,0.186493
4411200,-0.260254,0.271698
4414400,-0.293182,0.169128
4417600,-0.110779,0.073425
4420800,-0.218964,0.267181
4424000,-0.219757,0.183350
4427200,-0.313080,0.231445
4430400,-0.053558,0.035736
4433600,-0.086060,0.092590
4436800,-0.114471,0.120209
4440000,-0.145630,0.198120
4443200,-0.218140,0.190369
4446400,-0.118744,0.115662
4449600,-0.167755,0.137909
4452800,-0.079437,0.081909
4456000,-0.194183,0.110992
4459200,-0.077972,0.070129
4462400,-0.178192,0.149750
4465600,-0.109436,0.094269
4468800,-0.310699,0.329346
4472000,-0.268066,0.191620
4475200,-0.132019,0.157654
4478400,-0.144623,0.131165
4481600,-0.269348,0.239227
4484800,-0.333099,0.189362
4488000,-0.162933,0.126404
4491200,-0.127411,0.100098
4494400,-0.104919,0.082001
4497600,-0.121704,0.147491
4500800,-0.166870,0.204803
4504000,-0.248932,0.157623
4507200,-0.143433,0.139771
4510400,-0.226746,0.228180
4513600,-0.116852,0.106323
4516800,-0.304199,0.288940
4520000,-0.403809,0.314575
4523200,-0.055206,0.062927
4526400,-0.127380,0.156982
4529600,-0.100739,0.091705
4532800,-0.157928,0.148621
4536000,-0.113220,0.108826
4539200,-0.105042,0.128998
4542400,-0.308350,0.256256
4545600,-0.273834,0.268555
4548800,-0.354675,0.345276
4552000,-0.289154,0.180328
4555200,-0.005829,0.005402
4558400,-0.320190,0.357910
4561600,-0.346252,0.345306
4564800,-0.290955,0.176178
4568000,-0.118988,0.115570
4571200,-0.283173,0.292847
4574400,-0.173584,0.166595
4577600,-0.112122,0.129242
4580800,-0.177338,0.148438
4584000,-0.200928,0.170624
4587200,-0.204987,0.112335
4590400,-0.190796,0.196991
4593600,-0.182465,0.140045
4596800,-0.234344,0.165375
4600000,-0.186249,0.132416
4603200,-0.104889,0.102692
4606400,-0.144806,0.156219
4609600,-0.104675,0.110016
4612800,-0.080597,0.061310
4616000,-0.232727,0.169800
4619200,-0.119446,0.094421
4622400,-0.052338,0.049194
4625600,-0.115417,0.113678
4628800,-0.168915,0.119232
4632000,-0.100006,0.099060
4635200,-0.181152,0.174255
4638400,-0.026642,0.021881
4641600,-0.117126,0.124634
4644800,-0.009766,0.009277
4648000,-0.251770,0.192810
4651200,-0.062653,0.057526
4654400,-0.129211,0.101440
4657600,-0.134583,0.166534
4660800,-0.224701,0.181488
4664000,-0.201263,0.130402
4667200,-0.246307,0.161621
4670400,-0.141602,0.140350
4673600,-0.254547,0.275787
4676800,-0.164520,0.155029
4680000,-0.213104,0.229309
4683200,-0.083252,0.067047
4686400,-0.223328,0.165863
4689600,-0.148010,0.154480
4692800,-0.110413,0.103821
4696000,-0.052948,0.052002
4699200,-0.065582,0.071472
4702400,-0.254700,0.281616
4705600,-0.316895,0.275818
4708800,-0.098572,0.088928
4712000,-0.055878,0.045105
4715200,-0.243195,0.184418
4718400,-0.082092,0.074493
4721600,-0.155029,0.113525
4724800,-0.147095,0.120178
4728000,-0.072388,0.073700
4731200,-0.178436,0.141602
4734400,-0.162811,0.101288
4737600,-0.202667,0.164429
4740800,-0.139740,0.086945
4744000,-0.098297,0.091766
4747200,-0.251801,0.225098
4750400,-0.253571,0.175537
4753600,-0.264221,0.214539
4756800,-0.158051,0.141846
4760000,-0.170319,0.118408
4763200,-0.102386,0.117188
4766400,-0.172028,0.160187
4769600,-0.082245,0.062256
4772800,-0.175415,0.158295
4776000,-0.135345,0.136810
4779200,-0.146667,0.156738
4782400,-0.372223,0.363831
4785600,-0.311127,0.281616
4788800,-0.121002,0.113007
4792000,-0.098145,0.087677
4795200,-0.144501,0.145782
4798400,-0.116577,0.125366
4801600,-0.210266,0.200867
4804800,-0.288818,0.295013
4808000,-0.122833,0.127808
4811200,-0.209961,0.226929
4814400,-0.250885,0.301941
4817600,-0.250885,0.263947
4820800,-0.111816,0.092560
4824000,-0.173340,0.139771
4827200,-0.144226,0.109955
4830400,-0.132446,0.132507
4833600,-0.006500,0.008545
4836800,-0.211792,0.246979
4840000,-0.205078,0.185089
4843200,-0.208740,0.180634
4846400,-0.243591,0.174988
4849600,-0.232849,0.167053
4852800,-0.175507,0.174316
4856000,-0.309875,0.279541
4859200,-0.172913,0.115906
4862400,-0.212463,0.137817
4865600,-0.195587,0.163330
4868800,-0.131256,0.094757
4872000,-0.076324,0.055542
4875200,-0.194214,0.146637
4878400,-0.242706,0.191925
4881600,-0.037354,0.036621
4884800,-0.137054,0.109100
4888000,-0.188477,0.142700
4891200,-0.089294,0.083008
4894400,-0.224182,0.220001
4897600,-0.144165,0.133453
4900800,-0.150421,0.132507
4904000,-0.121094,0.088257
4907200,-0.295868,0.203400
4910400,-0.055420,0.064331
4913600,-0.149109,0.112640
4916800,-0.091949,0.093628
4920000,-0.172668,0.161377
4923200,-0.204468,0.129517
4926400,-0.222839,0.159790
4929600,-0.115570,0.128754
4932800,-0.070587,0.073700
4936000,-0.187592,0.137817
4939200,-0.065247,0.063660
4942400,-0.215515,0.171997
4945600,-0.053680,0.062775
4948800,-0.128326,0.104248
4952000,-0.152649,0.148682
4955200,-0.113434,0.100525
4958400,-0.141907,0.128693
4961600,-0.091461,0.100342
4964800,-0.214966,0.207397
4968000,-0.106628,0.105682
4971200,-0.253784,0.160736
4974400,-0.334137,0.241547
4977600,-0.205505,0.149414
4980800,-0.263947,0.168671
4984000,-0.104187,0.117004
4987200,-0.220673,0.161011
4990400,-0.186707,0.140442
4993600,-0.094208,0.072723
4996800,-0.180634,0.165222
5000000,-0.130341,0.089447
5003200,-0.110901,0.124359
5006400,-0.129211,0.131561
5009600,-0.257996,0.227844
5012800,-0.279663,0.190277
5016000,-0.187225,0.145599
5019200,-0.105621,0.074280
5022400,-0.096313,0.085175
5025600,-0.209106,0.164734
5028800,-0.228210,0.145203
5032000,-0.132233,0.122314
5035200,-0.108704,0.120422
5038400,-0.173706,0.234406
5041600,-0.147003,0.136322
5044800,-0.301971,0.288666
5048000,-0.069061,0.061066
5051200,-0.146790,0.173676
5054400,-0.175201,0.141846
5057600,-0.087555,0.096893
5060800,-0.131165,0.158936
5064000,-0.125244,0.100952
5067200,-0.272217,0.278687
5070400,-0.262787,0.230499
5073600,-0.265625,0.256958
5076800,-0.091949,0.080078
5080000,-0.230011,0.165131
5083200,-0.084747,0.086212
5086400,-0.097351,0.084076
5089600,-0.107849,0.105347
5092800,-0.122162,0.116364
5096000,-0.137817,0.122620
5099200,-0.156708,0.144196
5102400,-0.132629,0.129608
5105600,-0.229736,0.259949
5108800,-0.225006,0.267639
5112000,-0.041748,0.034607
5115200,-0.003693,0.003479
5118400,-0.004822,0.004822
5121600,-0.003967,0.003296
5124800,-0.004364,0.004639
5128000,-0.003387,0.003845
5131200,-0.004303,0.004181
5134400,-0.430298,0.521271
5137600,-0.438354,0.453613
5140800,-0.324432,0.339081
5144000,-0.027893,0.029938
5147200,-0.006500,0.007446
5150400,-0.009338,0.008575
5153600,-0.011810,0.013885
5156800,-0.048523,0.049805
5160000,-0.677582,0.607697
5163200,-0.581604,0.505707
5166400,-0.350006,0.251190
5169600,-0.710083,0.651978
5172800,-0.377625,0.321625
5176000,-0.012848,0.011139
5179200,-0.539307,0.590393
5182400,-0.386414,0.252350
5185600,-0.814453,0.471313
5188800,-0.266479,0.183014
5192000,-0.151337,0.139160
5195200,-0.262970,0.247498
5198400,-0.446686,0.441986
5201600,-0.336639,0.356659
5204800,-0.350494,0.276917
5208000,-0.212982,0.315918
5211200,-0.099121,0.093018
5214400,-0.188904,0.172089
5217600,-0.188263,0.185822
5220800,-0.058289,0.058167
5224000,-0.095337,0.122284
5227200,-0.017212,0.019806
5230400,-0.006348,0.006409
5233600,-0.047638,0.036621
5236800,-0.701691,0.503784
5240000,-0.374756,0.421417
5243200,-0.584808,0.479004
5246400,-0.213776,0.263641
5249600,-0.495239,0.391235
5252800,-0.294159,0.394897
5256000,-0.301727,0.303375
5259200,-0.005707,0.008789
5262400,-0.004669,0.004547
5265600,-0.004211,0.003845
5268800,-0.023590,0.032623
5272000,-0.014404,0.018341
5275200,-0.083069,0.085663
5278400,-0.116333,0.112213
5281600,-0.009644,0.011383
5284800,-0.011292,0.011292
5288000,-0.007111,0.009857
5291200,-0.104553,0.119324
5294400,-0.730530,0.613892
5297600,-0.889709,0.867340
5300800,-0.405945,0.305328
5304000,-0.336182,0.335205
5307200,-0.747620,0.934204
5310400,-0.257874,0.225983
5313600,-0.977203,0.831787
5316800,-0.788879,0.872101
5320000,-0.273651,0.219513
5323200,-0.394135,0.390747
5326400,-0.348755,0.229492
5329600,-0.412476,0.341187
5332800,-0.386139,0.388641
5336000,-0.493286,0.532532
5339200,-0.087982,0.106201
5342400,-0.164246,0.177185
5345600,-0.649841,0.436188
5348800,-0.449432,0.511871
5352000,-0.556427,0.422882
5355200,-0.582336,0.550659
5358400,-0.747345,0.537506
5361600,-0.979401,0.882629
5364800,-0.598694,0.729095
5368000,-0.133179,0.156555
5371200,-0.304596,0.321564
5374400,-0.289185,0.263947
5377600,-0.198364,0.191742
5380800,-0.005066,0.004700
5384000,-0.005005,0.004578
5387200,-0.009247,0.009155
5390400,-0.006409,0.006531
5393600,-0.615967,0.432526
5396800,-0.724762,0.447113
5400000,-0.977997,0.822083
5403200,-0.698669,0.821259
5406400,-0.565582,0.522614
5409600,-0.626007,0.532654
5412800,-0.011200,0.012939
5416000,-0.008301,0.006622
5419200,-0.005219,0.005463
5422400,-0.004883,0.005859
5425600,-0.004364,0.005219
5428800,-0.004150,0.004120
5432000,-0.905762,0.801422
5435200,-0.979431,0.861206
5438400,-0.617920,0.753754
5441600,-0.853699,0.686523
5444800,-0.459778,0.295990
5448000,-0.019409,0.024353
5451200,-0.008911,0.011597
5454400,-0.199432,0.174927
5457600,-0.013031,0.008606
5460800,-0.221100,0.131622
5464000,-0.053284,0.050110
5467200,-0.417786,0.375244
5470400,-0.232880,0.238220
5473600,-0.812469,0.649780
5476800,-0.739807,0.649139
5480000,-0.833862,0.815796
5483200,-0.826935,0.516876
5486400,-0.660980,0.553101
5489600,-0.709534,0.604858
5492800,-0.494110,0.547272
5496000,-0.504639,0.433899
5499200,-0.158447,0.151642
5502400,-0.362701,0.277466
5505600,-0.402618,0.330444
5508800,-0.157654,0.189880
5512000,-0.434448,0.466003
5515200,-0.047028,0.043945
5518400,-0.161652,0.192902
5521600,-0.254517,0.229614
5524800,-0.061493,0.042633
5528000,-0.077026,0.071442
5531200,-0.666504,0.771606
5534400,-0.752136,0.480255
5537600,-0.725891,0.897003
5540800,-0.529205,0.468994
5544000,-0.217957,0.248840
5547200,-0.236511,0.190430
5550400,-0.416870,0.432007
5553600,-0.283966,0.377625
5556800,-0.399872,0.458862
5560000,-0.052216,0.051270
5563200,-0.079346,0.087311
5566400,-0.207092,0.143616
5569600,-0.391571,0.348083
5572800,-0.270691,0.311798
5576000,-0.299286,0.224091
5579200,-0.275146,0.217377
5582400,-0.230255,0.218262
5585600,-0.421204,0.440186
5588800,-0.379822,0.308258
5592000,-0.168152,0.181305
5595200,-0.268951,0.246063
5598400,-0.256805,0.326965
5601600,-0.136078,0.172974
5604800,-0.007812,0.006500
5608000,-0.012787,0.007782
5611200,-0.007050,0.006653
5614400,-0.259827,0.185486
5617600,-0.774689,0.630890
5620800,-0.983337,0.981903
5624000,-0.699341,0.819336
5627200,-0.586792,0.720886
5630400,-0.050812,0.042694
5633600,-0.022064,0.029602
5636800,-0.031891,0.042908
5640000,-0.021729,0.022522
5643200,-0.004578,0.006805
5646400,-0.261597,0.250061
5649600,-0.441650,0.479309
5652800,-0.419464,0.430359
5656000,-0.513977,0.435791
5659200,-0.374786,0.468140
5662400,-0.360168,0.407593
5665600,-0.581543,0.459808
5668800,-0.947021,0.923615
5672000,-0.978058,0.978577
5675200,-0.649323,0.531921
5678400,-0.979584,0.981873
5681600,-0.766907,0.968964
5684800,-0.820557,0.971558
5688000,-0.023956,0.022430
5691200,-0.031860,0.034271
5694400,-0.069489,0.060364
5697600,-0.068939,0.047852
5700800,-0.133026,0.134460
5704000,-0.115295,0.121246
5707200,-0.063568,0.057312
5710400,-0.344360,0.351013
5713600,-0.256805,0.275574
5716800,-0.170197,0.276001
5720000,-0.057465,0.090454
5723200,-0.043213,0.053070
5726400,-0.102631,0.069855
5729600,-0.060150,0.062927
5732800,-0.036835,0.043671
5736000,-0.140381,0.141724
5739200,-0.180450,0.196777
5742400,-0.020416,0.022583
5745600,-0.017975,0.015472
5748800,-0.252747,0.198273
5752000,-0.288391,0.184998
5755200,-0.084320,0.074829
5758400,-0.218719,0.255066
5761600,-0.313690,0.194489
5764800,-0.457489,0.388641
5768000,-0.290466,0.270172
5771200,-0.144226,0.187531
5774400,-0.175781,0.209198
5777600,-0.148010,0.184692
5780800,-0.030426,0.031219
5784000,-0.016083,0.012787
5787200,-0.014526,0.010284
5790400,-0.021881,0.020081
5793600,-0.216400,0.214111
5796800,-0.243805,0.247467
5800000,-0.297485,0.320526
5803200,-0.310547,0.292755
5806400,-0.240845,0.257111
5809600,-0.172821,0.187408
5812800,-0.153381,0.174561
5816000,-0.194214,0.226135
5819200,-0.237488,0.233093
5822400,-0.263367,0.271973
5825600,-0.174774,0.190979
5828800,-0.581604,0.789856
5832000,-0.345886,0.480164
5835200,-0.225555,0.246368
5838400,-0.180725,0.226715
5841600,-0.070679,0.081818
5844800,-0.050598,0.079865
5848000,-0.036896,0.050385
5851200,-0.034424,0.032867
5854400,-0.135315,0.159882
5857600,-0.188019,0.204437
5860800,-0.057129,0.077942
5864000,-0.131470,0.136810
5867200,-0.086304,0.095917
5870400,-0.080200,0.075317
5873600,-0.106079,0.087219
5876800,-0.053558,0.058350
5880000,-0.070862,0.099457
5883200,-0.073242,0.079926
5886400,-0.016235,0.017242
5889600,-0.043365,0.042236
5892800,-0.014008,0.010925
5896000,-0.012878,0.010406
5899200,-0.454254,0.449158
5902400,-0.040802,0.048065
5905600,-0.133759,0.124847
5908800,-0.151550,0.232574
5912000,-0.142944,0.136597
5915200,-0.978210,0.832428
5918400,-0.609406,0.572021
5921600,-0.440430,0.385193
5924800,-0.238678,0.286530
5928000,-0.310730,0.366058
5931200,-0.012634,0.011688
5934400,-0.014099,0.016022
5937600,-0.120422,0.120270
5940800,-0.471161,0.247772
5944000,-0.795959,0.648102
5947200,-0.928802,0.753204
5950400,-0.549255,0.459991
5953600,-0.313263,0.261719
5956800,-0.096741,0.099670
5960000,-0.648041,0.435669
5963200,-0.281555,0.372253
5966400,-0.286652,0.210907
5969600,-0.033875,0.032623
5972800,-0.088226,0.075317
5976000,-0.162659,0.161316
5979200,-0.612030,0.567505
5982400,-0.353455,0.392395
5985600,-0.347351,0.296112
5988800,-0.036957,0.033722
5992000,-0.009705,0.009033
5995200,-0.006226,0.005920
5998400,-0.011139,0.009308
6001600,-0.006866,0.007141
6004800,-0.007507,0.007690
6008000,-0.009003,0.007202
6011200,-0.005249,0.005066
6014400,-0.005219,0.005005
6017600,-0.007660,0.007477
6020800,-0.017578,0.018799
6024000,-0.005920,0.006470
6027200,-0.005646,0.005249
6030400,-0.006744,0.008087
6033600,-0.012634,0.011017
6036800,-0.008820,0.010284
6040000,-0.008423,0.007751
6043200,-0.003265,0.003326
6046400,-0.004822,0.003265
6049600,-0.004303,0.004028
6052800,-0.081512,0.117950
6056000,-0.020508,0.024658
6059200,-0.004883,0.004761
6062400,-0.004120,0.004486
6065600,-0.004547,0.004486
6068800,-0.007202,0.006409
6072000,-0.006805,0.006775
6075200,-0.011475,0.009857
6078400,-0.009125,0.006622
6081600,-0.005341,0.005890
6084800,-0.005096,0.006287
6088000,-0.006775,0.006470
6091200,-0.007599,0.007538
6094400,-0.004700,0.004456
6097600,-0.004852,0.005768
6100800,-0.004211,0.004272
6104000,-0.005005,0.003906
6107200,-0.004089,0.003326
6110400,-0.005371,0.003937
6113600,-0.004486,0.003693
6116800,-0.004456,0.004700
6120000,-0.004486,0.004913
6123200,-0.008850,0.008606
6126400,-0.007538,0.006592
6129600,-0.004242,0.004211
6132800,-0.004120,0.004028
6136000,-0.004456,0.003906
6139200,-0.003418,0.004181
6142400,-0.003662,0.003510
6145600,-0.003571,0.004272
6148800,-0.004395,0.004364
6152000,-0.004883,0.004883
6155200,-0.003265,0.004883
6158400,-0.014496,0.010651
6161600,-0.003723,0.004303
6164800,-0.005035,0.005066
6168000,-0.004639,0.004211
6171200,-0.004181,0.004150
6174400,-0.005005,0.004883
6177600,-0.005646,0.004974
6180800,-0.004791,0.006073
6184000,-0.003754,0.003571
6187200,-0.004303,0.004578
6190400,-0.004150,0.003448
6193600,-0.004669,0.004395
6196800,-0.004700,0.003540
6200000,-0.005249,0.004578
6203200,-0.004639,0.005615
6206400,-0.004974,0.005737
6209600,-0.009338,0.010376
6212800,-0.009064,0.007355
6216000,-0.006927,0.007507
6219200,-0.004913,0.004547
6222400,-0.006744,0.006592
6225600,-0.003510,0.004456
6228800,-0.004822,0.005280
6232000,-0.005707,0.006683
6235200,-0.004089,0.003876
6238400,-0.004700,0.004730
6241600,-0.004364,0.004364
6244800,-0.003265,0.003296
6248000,-0.004761,0.004028
6251200,-0.003937,0.004456
6254400,-0.004059,0.004883
6257600,-0.004547,0.006073
6260800,-0.005096,0.007324
6264000,-0.004791,0.005066
6267200,-0.004669,0.003937
6270400,-0.003662,0.003662
6273600,-0.004639,0.005615
6276800,-0.004089,0.004456
6280000,-0.006500,0.006897
6283200,-0.007446,0.008850
6286400,-0.005951,0.004944
6289600,-0.007782,0.004761
6292800,-0.007721,0.009399
6296000,-0.010101,0.012573
6299200,-0.010345,0.015564
6302400,-0.033051,0.035797
6305600,-0.007935,0.006714
6308800,-0.004333,0.004913
6312000,-0.004883,0.005280
6315200,-0.100983,0.103546
6318400,-0.900085,0.775391
6321600,-0.619934,0.387115
6324800,-0.682220,0.462738
6328000,-0.437653,0.307648
6331200,-0.481720,0.360168
6334400,-0.327362,0.247650
6337600,-0.346252,0.273376
6340800,-0.274994,0.307159
6344000,-0.547394,0.420532
6347200,-0.258789,0.363434
6350400,-0.323090,0.191559
6353600,-0.405853,0.294189
6356800,-0.050049,0.049713
6360000,-0.978729,0.976410
6363200,-0.974945,0.980164
6366400,-0.975250,0.979889
6369600,-0.883820,0.695068
6372800,-0.595795,0.584534
6376000,-0.941254,0.805511
6379200,-0.858032,0.911591
6382400,-0.282166,0.306519
6385600,-0.570160,0.602020
6388800,-0.588165,0.540009
6392000,-0.556274,0.592255
6395200,-0.650269,0.672211
6398400,-0.321533,0.313324
6401600,-0.609772,0.570587
6404800,-0.702911,0.745728
6408000,-0.220215,0.238068
6411200,-0.949005,0.730591
6414400,-0.542389,0.481018
6417600,-0.252838,0.374176
6420800,-0.649292,0.747864
6424000,-0.583221,0.580841
6427200,-0.323883,0.354309
6430400,-0.711182,0.742401
6433600,-0.331421,0.218811
6436800,-0.726105,0.560699
6440000,-0.675476,0.512238
6443200,-0.752075,0.542480
6446400,-0.951599,0.773468
6449600,-0.622955,0.531006
6452800,-0.094971,0.054596
6456000,-0.423920,0.396484
6459200,-0.647491,0.567108
6462400,-0.537628,0.613342
6465600,-0.417328,0.505066
6468800,-0.434113,0.300507
6472000,-0.954346,0.979950
6475200,-0.674377,0.759338
6478400,-0.134003,0.171570
6481600,-0.510712,0.386932
6484800,-0.408875,0.410034
6488000,-0.437195,0.360046
6491200,-0.358490,0.313812
6494400,-0.545471,0.358246
6497600,-0.504700,0.441132
6500800,-0.565613,0.595245
6504000,-0.304352,0.330475
6507200,-0.271454,0.230164
6510400,-0.151917,0.151001
6513600,-0.410492,0.322571
6516800,-0.670715,0.704193
6520000,-0.612854,0.442444
6523200,-0.441711,0.395538
6526400,-0.010590,0.009369
6529600,-0.485718,0.301361
6532800,-0.416046,0.375885
6536000,-0.335632,0.310669
6539200,-0.303162,0.268158
6542400,-0.672485,0.547729
6545600,-0.185181,0.178680
6548800,-0.168854,0.153015
6552000,-0.246735,0.298889
6555200,-0.574463,0.554840
6558400,-0.072357,0.101746
6561600,-0.004242,0.004608
6564800,-0.004517,0.004333
6568000,-0.014496,0.014435
6571200,-0.353699,0.266632
6574400,-0.293427,0.266876
6577600,-0.602142,0.556458
6580800,-0.392609,0.497650
6584000,-0.151184,0.141785
6587200,-0.416382,0.313049
6590400,-0.470581,0.334412
6593600,-0.188019,0.203186
6596800,-0.363190,0.357483
6600000,-0.010010,0.007629
6603200,-0.015045,0.014099
6606400,-0.080933,0.075104
6609600,-0.258026,0.266083
6612800,-0.395508,0.256134
6616000,-0.313843,0.253326
6619200,-0.118744,0.133331
6622400,-0.177917,0.192535
6625600,-0.389404,0.298492
6628800,-0.125641,0.142059
6632000,-0.292664,0.325531
6635200,-0.201904,0.223938
6638400,-0.022644,0.018402
6641600,-0.005585,0.004700
6644800,-0.005402,0.005798
6648000,-0.243195,0.329224
6651200,-0.313934,0.356995
6654400,-0.335419,0.340485
6657600,-0.463684,0.424042
6660800,-0.675262,0.573700
6664000,-0.184357,0.180359
6667200,-0.604675,0.640869
6670400,-0.115356,0.121704
6673600,-0.452454,0.563263
6676800,-0.183685,0.197693
6680000,-0.116089,0.114716
6683200,-0.011047,0.010834
6686400,-0.006622,0.006165
6689600,-0.006744,0.007935
6692800,-0.923950,0.824524
6696000,-0.861328,0.748871
6699200,-0.783234,0.704773
6702400,-0.574554,0.390564
6705600,-0.202423,0.213440
6708800,-0.490509,0.518921
6712000,-0.389862,0.414429
6715200,-0.368927,0.360962
6718400,-0.388580,0.526794
6721600,-0.654480,0.577087
6724800,-0.979645,0.951569
6728000,-0.380951,0.322784
6731200,-0.623352,0.534546
6734400,-0.556824,0.478912
6737600,-0.449615,0.528717
6740800,-0.936493,0.981049
6744000,-0.961853,0.980621
6747200,-0.082733,0.094574
6750400,-0.004303,0.004730
6753600,-0.658295,0.855652
6756800,-0.015869,0.019958
6760000,-0.056702,0.057587
6763200,-0.062103,0.099518
6766400,-0.971436,0.962921
6769600,-0.975922,0.871338
6772800,-0.053375,0.062653
6776000,-0.916534,0.883789
6779200,-0.973328,0.930695
6782400,-0.678589,0.545898
6785600,-0.956696,0.764038
6788800,-0.589996,0.386292
6792000,-0.411713,0.415741
6795200,-0.400208,0.333344
6798400,-0.473755,0.355316
6801600,-0.598877,0.453156
6804800,-0.115753,0.103119
6808000,-0.111694,0.108398
6811200,-0.048615,0.085114
6814400,-0.832672,0.637665
6817600,-0.352356,0.384949
6820800,-0.376465,0.313507
6824000,-0.368652,0.452515
6827200,-0.351624,0.315277
6830400,-0.389252,0.332458
6833600,-0.291656,0.325531
6836800,-0.540558,0.462219
6840000,-0.164551,0.093994
6843200,-0.526123,0.606873
6846400,-0.780029,0.843048
6849600,-0.495483,0.601624
6852800,-0.248962,0.222534
6856000,-0.276794,0.257111
6859200,-0.344299,0.450256
6862400,-0.447754,0.536102
6865600,-0.818298,0.473694
6868800,-0.707458,0.701935
6872000,-0.813385,0.827362
6875200,-0.980896,0.974976
6878400,-0.033875,0.041962
6881600,-0.013550,0.014740
6884800,-0.007477,0.006531
6888000,-0.196564,0.202148
6891200,-0.503479,0.461151
6894400,-0.565216,0.503632
6897600,-0.453705,0.423859
6900800,-0.352631,0.416656
6904000,-0.611053,0.613312
6907200,-0.347290,0.546936
6910400,-0.579620,0.512878
6913600,-0.335175,0.233002
6916800,-0.472168,0.360992
6920000,-0.333435,0.386871
6923200,-0.489258,0.437988
6926400,-0.120514,0.121552
6929600,-0.334625,0.309998
6932800,-0.257477,0.333740
6936000,-0.128143,0.129272
6939200,-0.635620,0.591980
6942400,-0.082733,0.080048
6945600,-0.011414,0.011108
6948800,-0.010315,0.006775
6952000,-0.008881,0.009583
6955200,-0.008362,0.007263
6958400,-0.071472,0.087280
6961600,-0.351807,0.348999
6964800,-0.555420,0.512024
6968000,-0.099335,0.146088
6971200,-0.101990,0.125916
6974400,-0.108398,0.092804
6977600,-0.063141,0.078430
6980800,-0.039612,0.055756
6984000,-0.029785,0.032684
6987200,-0.139557,0.141724
6990400,-0.410980,0.435059
6993600,-0.812683,0.800049
6996800,-0.309631,0.378204
7000000,-0.390930,0.330994
7003200,-0.315735,0.286469
7006400,-0.294708,0.319489
7009600,-0.228821,0.300720
7012800,-0.404236,0.347137
7016000,-0.151855,0.152039
7019200,-0.043884,0.043091
7022400,-0.604889,0.481354
7025600,-0.426971,0.457916
7028800,-0.556213,0.430847
7032000,-0.486206,0.452423
7035200,-0.035004,0.046844
7038400,-0.971100,0.976990
7041600,-0.964203,0.977112
7044800,-0.956116,0.979675
7048000,-0.739655,0.739166
7051200,-0.345764,0.317230
7054400,-0.237946,0.207947
7057600,-0.201019,0.243896
7060800,-0.771179,0.609863
7064000,-0.837494,0.720978
7067200,-0.810059,0.675140
7070400,-0.262329,0.289612
7073600,-0.525146,0.475952
7076800,-0.378235,0.342438
7080000,-0.367432,0.329376
7083200,-0.503845,0.470337
7086400,-0.487030,0.476685
7089600,-0.519135,0.517365
7092800,-0.213745,0.228088
7096000,-0.537689,0.695129
7099200,-0.278259,0.298492
7102400,-0.225403,0.271637
7105600,-0.247559,0.260040
7108800,-0.203918,0.185028
7112000,-0.012390,0.012909
7115200,-0.086395,0.112823
7118400,-0.367615,0.334076
7121600,-0.180511,0.259918
7124800,-0.297943,0.338715
7128000,-0.213806,0.235107
7131200,-0.045074,0.046906
7134400,-0.493378,0.359467
7137600,-0.402740,0.409668
7140800,-0.581268,0.561127
7144000,-0.531342,0.589966
7147200,-0.700287,0.609344
7150400,-0.562622,0.418396
7153600,-0.350861,0.360962
7156800,-0.446075,0.362396
7160000,-0.395264,0.450836
7163200,-0.030701,0.026672
7166400,-0.012238,0.012756
7169600,-0.041168,0.046906
7172800,-0.345734,0.295197
7176000,-0.547485,0.563751
7179200,-0.487885,0.459686
7182400,-0.429993,0.443268
7185600,-0.205811,0.332916
7188800,-0.333557,0.337067
7192000,-0.407410,0.412567
7195200,-0.264893,0.295624
7198400,-0.304138,0.359283
7201600,-0.407013,0.482697
7204800,-0.157928,0.155975
7208000,-0.561829,0.473938
7211200,-0.729645,0.443787
7214400,-0.645325,0.541626
7217600,-0.862701,0.790222
7220800,-0.972778,0.973755
7224000,-0.713745,0.748199
7227200,-0.705292,0.491852
7230400,-0.974792,0.812988
7233600,-0.979401,0.932129
7236800,-0.092041,0.097534
7240000,-0.196198,0.182922
7243200,-0.158051,0.214935
7246400,-0.692535,0.673279
7249600,-0.369385,0.356415
7252800,-0.198120,0.135712
7256000,-0.979401,0.931580
7259200,-0.536041,0.789764
7262400,-0.368988,0.377869
7265600,-0.013855,0.013489
7268800,-0.292053,0.311829
7272000,-0.059845,0.054871
7275200,-0.345337,0.314484
7278400,-0.421173,0.428955
7281600,-0.624542,0.605499
7284800,-0.525940,0.517761
7288000,-0.533722,0.508759
7291200,-0.452911,0.445862
7294400,-0.191162,0.237427
7297600,-0.369873,0.327179
7300800,-0.722168,0.652740
7304000,-0.793060,0.759399
7307200,-0.465698,0.626282
7310400,-0.624634,0.879364
7313600,-0.320892,0.334839
7316800,-0.035339,0.024933
7320000,-0.068146,0.087189
7323200,-0.074249,0.052094
7326400,-0.035828,0.025024
7329600,-0.007782,0.006927
7332800,-0.007050,0.006104
7336000,-0.009888,0.009369
7339200,-0.223602,0.163879
7342400,-0.044128,0.032715
7345600,-0.041748,0.030304
7348800,-0.004608,0.004639
7352000,-0.004333,0.003540
7355200,-0.048523,0.052979
7358400,-0.135620,0.168060
7361600,-0.133667,0.143372
7364800,-0.232483,0.167999
7368000,-0.043915,0.040039
7371200,-0.088379,0.058716
7374400,-0.280457,0.211365
7377600,-0.239685,0.383698
7380800,-0.292572,0.249420
7384000,-0.076019,0.059082
7387200,-0.085419,0.062866
7390400,-0.201202,0.159851
7393600,-0.392975,0.315338
7396800,-0.070801,0.066315
7400000,-0.665009,0.760925
7403200,-0.443939,0.238831
7406400,-0.252502,0.200806
7409600,-0.134186,0.139679
7412800,-0.407104,0.294067
7416000,-0.379242,0.313293
7419200,-0.500549,0.381653
7422400,-0.243103,0.227814
7425600,-0.361389,0.370636
7428800,-0.384613,0.307159
7432000,-0.422363,0.394379
7435200,-0.464661,0.441467
7438400,-0.506683,0.514557
7441600,-0.205750,0.121124
7444800,-0.184357,0.128632
7448000,-0.243713,0.286438
7451200,-0.244110,0.238647
7454400,-0.352539,0.317444
7457600,-0.193542,0.153534
7460800,-0.189331,0.151459
7464000,-0.160126,0.110352
7467200,-0.139252,0.121643
7470400,-0.299591,0.229309
7473600,-0.271210,0.238525
7476800,-0.051392,0.039917
7480000,-0.008514,0.009247
7483200,-0.042206,0.050903
7486400,-0.063202,0.056641
7489600,-0.157379,0.147736
7492800,-0.338745,0.408417
7496000,-0.286194,0.238647
7499200,-0.152252,0.140961
7502400,-0.055542,0.053223
7505600,-0.251587,0.217010
7508800,-0.086884,0.093903
7512000,-0.264313,0.230835
7515200,-0.316315,0.425781
7518400,-0.061859,0.068939
7521600,-0.727936,0.823547
7524800,-0.975555,0.980927
7528000,-0.710052,0.505035
7531200,-0.211731,0.195404
7534400,-0.296539,0.387787
7537600,-0.640808,0.585693
7540800,-0.318298,0.394836
7544000,-0.099915,0.092621
7547200,-0.543793,0.369598
7550400,-0.322876,0.390381
7553600,-0.455872,0.443024
7556800,-0.216187,0.222748
7560000,-0.397644,0.338379
7563200,-0.205353,0.178925
7566400,-0.255859,0.231354
7569600,-0.162933,0.161469
7572800,-0.154846,0.165955
7576000,-0.214142,0.227051
7579200,-0.085632,0.080414
7582400,-0.231873,0.282288
7585600,-0.312286,0.386230
7588800,-0.078613,0.080780
7592000,-0.202881,0.207794
7595200,-0.115143,0.141357
7598400,-0.126923,0.124451
7601600,-0.370026,0.235809
7604800,-0.185608,0.152649
7608000,-0.347260,0.326447
7611200,-0.419983,0.279083
7614400,-0.376892,0.289581
7617600,-0.129272,0.111816
7620800,-0.178070,0.123688
7624000,-0.184204,0.116791
7627200,-0.126526,0.118530
7630400,-0.365356,0.294342
7633600,-0.036255,0.044617
7636800,-0.108154,0.090912
7640000,-0.141632,0.110992
7643200,-0.210968,0.177246
7646400,-0.150604,0.139771
7649600,-0.090607,0.114075
7652800,-0.128876,0.119171
7656000,-0.193176,0.191559
7659200,-0.421021,0.449036
7662400,-0.447174,0.507050
7665600,-0.088745,0.055176
7668800,-0.004211,0.005157
7672000,-0.005615,0.005524
7675200,-0.014496,0.019531
7678400,-0.016693,0.016632
7681600,-0.004669,0.004974
7684800,-0.226196,0.170685
7688000,-0.103333,0.104919
7691200,-0.105835,0.090881
7694400,-0.054108,0.043518
7697600,-0.020721,0.014221
7700800,-0.013855,0.013947
7704000,-0.209473,0.219452
7707200,-0.099335,0.117310
7710400,-0.672638,0.525848
7713600,-0.244293,0.229584
7716800,-0.241760,0.198486
7720000,-0.162994,0.169586
7723200,-0.159271,0.126923
7726400,-0.131714,0.094208
7729600,-0.352600,0.351929
7732800,-0.383331,0.284485
7736000,-0.222870,0.259521
7739200,-0.369629,0.260040
7742400,-0.478302,0.394867
7745600,-0.256592,0.225372
7748800,-0.530701,0.398712
7752000,-0.436829,0.360077
7755200,-0.354584,0.224091
7758400,-0.457825,0.439606
7761600,-0.254608,0.199677
7764800,-0.191254,0.182648
7768000,-0.401276,0.238586
7771200,-0.203552,0.106201
7774400,-0.017639,0.015717
7777600,-0.123291,0.104767
7780800,-0.360626,0.251007
7784000,-0.164185,0.172607
7787200,-0.238312,0.231384
7790400,-0.415405,0.358551
7793600,-0.248901,0.166565
7796800,-0.271729,0.300110
7800000,-0.112457,0.114014
7803200,-0.420746,0.265015
7806400,-0.013885,0.012909
7809600,-0.453766,0.285522
7812800,-0.471008,0.417267
7816000,-0.791534,0.745392
7819200,-0.239349,0.192322
7822400,-0.221252,0.208466
7825600,-0.198547,0.202332
7828800,-0.138000,0.130585
7832000,-0.080902,0.087646
7835200,-0.226868,0.151001
7838400,-0.385284,0.247498
7841600,-0.234161,0.270416
7844800,-0.366119,0.330688
7848000,-0.425598,0.212708
7851200,-0.359497,0.226135
7854400,-0.353790,0.216125
7857600,-0.736176,0.335785
7860800,-0.619354,0.449402
7864000,-0.447266,0.320007
7867200,-0.826324,0.679291
7870400,-0.134430,0.151428
7873600,-0.107452,0.109802
7876800,-0.018494,0.015289
7880000,-0.273743,0.172363
7883200,-0.593353,0.334991
7886400,-0.630310,0.523315
7889600,-0.406921,0.369293
7892800,-0.225037,0.133148
7896000,-0.388153,0.320343
7899200,-0.237640,0.188660
7902400,-0.251617,0.213318
7905600,-0.193604,0.177216
7908800,-0.175751,0.157257
7912000,-0.307556,0.198181
7915200,-0.153290,0.141052
7918400,-0.395996,0.374176
7921600,-0.378754,0.337006
7924800,-0.151031,0.174408
7928000,-0.014496,0.014069
7931200,-0.010956,0.008850
7934400,-0.226410,0.165649
7937600,-0.391388,0.386414
7940800,-0.403809,0.384430
7944000,-0.475281,0.365753
7947200,-0.299438,0.241486
7950400,-0.672791,0.677643
7953600,-0.358154,0.355377
7956800,-0.398315,0.396912
7960000,-0.097839,0.126678
7963200,-0.199493,0.138580
7966400,-0.432495,0.357239
7969600,-0.517853,0.479919
7972800,-0.215485,0.212158
7976000,-0.277618,0.217010
7979200,-0.233429,0.151093
7982400,-0.142303,0.117920
7985600,-0.390717,0.250702
7988800,-0.177734,0.125061
7992000,-0.123108,0.110046
7995200,-0.239655,0.215546
7998400,-0.133820,0.077271
8001600,-0.147980,0.100891
8004800,-0.119598,0.067444
8008000,-0.453156,0.207001
8011200,-0.238190,0.275024
8014400,-0.199280,0.133820
8017600,-0.224548,0.185577
8020800,-0.303406,0.248352
8024000,-0.381226,0.287628
8027200,-0.349365,0.215210
8030400,-0.031647,0.021973
8033600,-0.036896,0.039459
8036800,-0.099152,0.109711
8040000,-0.038330,0.057892
8043200,-0.060883,0.075714
8046400,-0.006287,0.007263
8049600,-0.208557,0.185516
8052800,-0.358917,0.380219
8056000,-0.379639,0.343292
8059200,-0.369171,0.340607
8062400,-0.014984,0.014954
8065600,-0.097107,0.098236
8068800,-0.396362,0.319641
8072000,-0.225159,0.210327
8075200,-0.602325,0.498535
8078400,-0.319519,0.252991
8081600,-0.013885,0.013123
8084800,-0.075653,0.061188
8088000,-0.341125,0.234406
8091200,-0.231415,0.258759
8094400,-0.508301,0.366974
8097600,-0.278442,0.196136
8100800,-0.243896,0.227386
8104000,-0.166504,0.144775
8107200,-0.600586,0.603180
8110400,-0.978180,0.944977
8113600,-0.387756,0.308472
8116800,-0.360718,0.294556
8120000,-0.320374,0.302277
8123200,-0.346863,0.237915
8126400,-0.544128,0.425262
8129600,-0.342010,0.227112
8132800,-0.386139,0.250305
8136000,-0.304138,0.174194
8139200,-0.402100,0.294495
8142400,-0.146576,0.104431
8145600,-0.116455,0.085358
8148800,-0.364899,0.308105
8152000,-0.139526,0.109497
8155200,-0.292480,0.208893
8158400,-0.351746,0.277161
8161600,-0.335175,0.214508
8164800,-0.345337,0.236267
8168000,-0.181854,0.134064
8171200,-0.249146,0.214874
8174400,-0.233154,0.176910
8177600,-0.009277,0.010132
8180800,-0.119965,0.103180
8184000,-0.422607,0.465057
8187200,-0.264038,0.224426
8190400,-0.405334,0.290771
8193600,-0.325836,0.282990
8196800,-0.349457,0.291534
8200000,-0.424652,0.288696
8203200,-0.111420,0.105988
8206400,-0.115997,0.084839
8209600,-0.174988,0.125488
8212800,-0.263397,0.319763
8216000,-0.063599,0.088135
8219200,-0.007690,0.008453
8222400,-0.217285,0.201385
8225600,-0.213043,0.161835
8228800,-0.095612,0.109436
8232000,-0.546265,0.479767
8235200,-0.192932,0.119354
8238400,-0.238678,0.211731
8241600,-0.144073,0.137665
8244800,-0.425964,0.407043
8248000,-0.211365,0.155518
8251200,-0.018341,0.020386
8254400,-0.256409,0.125397
8257600,-0.355377,0.275665
8260800,-0.257874,0.176971
8264000,-0.291351,0.248047
8267200,-0.313873,0.273285
8270400,-0.161713,0.152313
8273600,-0.602478,0.466003
8276800,-0.613556,0.438019
8280000,-0.188751,0.168304
8283200,-0.179810,0.142456
8286400,-0.019745,0.022430
8289600,-0.012482,0.010986
8292800,-0.698578,0.497314
8296000,-0.278137,0.198212
8299200,-0.570770,0.474976
8302400,-0.369385,0.236450
8305600,-0.246918,0.197357
8308800,-0.125458,0.110382
8312000,-0.302399,0.215149
8315200,-0.230042,0.162720
8318400,-0.151123,0.108490
8321600,-0.025238,0.020874
8324800,-0.008972,0.008789
8328000,-0.007599,0.008301
8331200,-0.488159,0.340485
8334400,-0.629181,0.444672
8337600,-0.772827,0.885315
8340800,-0.233521,0.222504
8344000,-0.369720,0.260498
8347200,-0.414673,0.307983
8350400,-0.555573,0.522644
8353600,-0.481079,0.472626
8356800,-0.039398,0.044098
8360000,-0.499542,0.273346
8363200,-0.616913,0.605438
8366400,-0.380066,0.395691
8369600,-0.328308,0.300720
8372800,-0.430603,0.363678
8376000,-0.278992,0.173798
8379200,-0.289398,0.251038
8382400,-0.254089,0.240356
8385600,-0.147766,0.140991
8388800,-0.467072,0.468781
8392000,-0.411285,0.311523
8395200,-0.485291,0.550812
8398400,-0.132019,0.125275
8401600,-0.051300,0.040558
8404800,-0.174652,0.150848
8408000,-0.185974,0.168427
8411200,-0.493134,0.462646
8414400,-0.181305,0.117126
8417600,-0.322601,0.325256
8420800,-0.190887,0.083588
8424000,-0.013519,0.015320
8427200,-0.255432,0.162109
8430400,-0.258820,0.224915
8433600,-0.359985,0.227539
8436800,-0.515930,0.449951
8440000,-0.470978,0.490387
8443200,-0.254425,0.185852
8446400,-0.307068,0.251434
8449600,-0.195984,0.136658
8452800,-0.233704,0.178955
8456000,-0.228180,0.211456
8459200,-0.457916,0.297150
8462400,-0.540558,0.311279
8465600,-0.212921,0.182007
8468800,-0.269104,0.169800
8472000,-0.444031,0.388947
8475200,-0.063538,0.065369
8478400,-0.071259,0.059875
8481600,-0.193970,0.183502
8484800,-0.344940,0.254425
8488000,-0.114197,0.099762
8491200,-0.154663,0.134399
8494400,-0.202637,0.187866
8497600,-0.347931,0.237549
8500800,-0.258911,0.156342
8504000,-0.309814,0.238983
8507200,-0.707642,0.736420
8510400,-0.276276,0.192963
8513600,-0.428925,0.339081
8516800,-0.518646,0.405884
8520000,-0.223969,0.146820
8523200,-0.107635,0.073242
8526400,-0.335266,0.355011
8529600,-0.041534,0.033783
8532800,-0.006317,0.006073
8536000,-0.005646,0.005005
8539200,-0.018982,0.022491
8542400,-0.590149,0.382874
8545600,-0.587982,0.391266
8548800,-0.276337,0.154816
8552000,-0.259705,0.290314
8555200,-0.371094,0.217621
8558400,-0.747833,0.796814
8561600,-0.587158,0.464294
8564800,-0.244171,0.194580
8568000,-0.211090,0.194611
8571200,-0.226227,0.144440
8574400,-0.665527,0.793274
8577600,-0.436646,0.312012
8580800,-0.217438,0.141937
8584000,-0.278259,0.230499
8587200,-0.269104,0.205902
8590400,-0.068665,0.054535
8593600,-0.037109,0.033661
8596800,-0.282562,0.158478
8600000,-0.291687,0.201447
8603200,-0.216248,0.202118
8606400,-0.133240,0.151611
8609600,-0.174377,0.163727
8612800,-0.681091,0.427185
8616000,-0.306000,0.247772
8619200,-0.253693,0.191467
8622400,-0.023468,0.018311
8625600,-0.009247,0.012817
8628800,-0.978516,0.980011
8632000,-0.610229,0.505463
8635200,-0.580353,0.393097
8638400,-0.433594,0.333710
8641600,-0.635895,0.424072
8644800,-0.563110,0.506927
8648000,-0.211121,0.183868
8651200,-0.067871,0.057678
8654400,-0.078278,0.078796
8657600,-0.009338,0.007843
8660800,-0.474365,0.475891
8664000,-0.534607,0.467377
8667200,-0.491455,0.338226
8670400,-0.441010,0.415222
8673600,-0.318359,0.264374
8676800,-0.312714,0.241974
8680000,-0.319336,0.300629
8683200,-0.435791,0.312347
8686400,-0.272247,0.291382
8689600,-0.466125,0.388794
8692800,-0.409882,0.474609
8696000,-0.258820,0.204590
8699200,-0.388916,0.339203
8702400,-0.383789,0.337860
8705600,-0.250824,0.195648
8708800,-0.176941,0.214569
8712000,-0.345154,0.357971
8715200,-0.350006,0.288239
8718400,-0.375122,0.295166
8721600,-0.314026,0.255493
8724800,-0.170959,0.171387
8728000,-0.190552,0.232269
8731200,-0.312195,0.247772
8734400,-0.022064,0.022217
8737600,-0.012054,0.013824
8740800,-0.838165,0.578796
8744000,-0.492035,0.358459
8747200,-0.774292,0.443878
8750400,-0.683258,0.366058
8753600,-0.472992,0.399445
8756800,-0.508423,0.324249
8760000,-0.489716,0.421295
8763200,-0.341187,0.311920
8766400,-0.645142,0.732605
8769600,-0.390778,0.361481
8772800,-0.192200,0.130554
8776000,-0.328461,0.280853
8779200,-0.105316,0.097382
8782400,-0.216003,0.183350
8785600,-0.464844,0.330048
8788800,-0.249084,0.196259
8792000,-0.381836,0.226929
8795200,-0.286346,0.170349
8798400,-0.263275,0.187286
8801600,-0.229645,0.199921
8804800,-0.130280,0.114746
8808000,-0.039185,0.038544
8811200,-0.212891,0.207733
8814400,-0.268097,0.291748
8817600,-0.719421,0.522827
8820800,-0.564911,0.535522
8824000,-0.418823,0.516357
8827200,-0.193787,0.118530
8830400,-0.197296,0.130096
8833600,-0.005524,0.005737
8836800,-0.782745,0.590027
8840000,-0.978882,0.671509
8843200,-0.499237,0.337585
8846400,-0.541962,0.344818
8849600,-0.526886,0.490082
8852800,-0.407074,0.286774
8856000,-0.486267,0.290405
8859200,-0.722870,0.509308
8862400,-0.341095,0.289001
8865600,-0.376495,0.259613
8868800,-0.297791,0.235840
8872000,-0.160980,0.156464
8875200,-0.095947,0.099884
8878400,-0.289612,0.229706
8881600,-0.382935,0.304565
8884800,-0.763031,0.763367
8888000,-0.730865,0.688690
8891200,-0.329254,0.181946
8894400,-0.416626,0.240814
8897600,-0.597412,0.366150
8900800,-0.400635,0.406555
8904000,-0.495270,0.464691
8907200,-0.205322,0.187256
8910400,-0.289612,0.166565
8913600,-0.266418,0.233459
8916800,-0.253662,0.180176
8920000,-0.222260,0.183441
8923200,-0.226959,0.183441
8926400,-0.010498,0.012787
8929600,-0.038696,0.043762
8932800,-0.966034,0.973663
8936000,-0.819153,0.784821
8939200,-0.784027,0.570679
8942400,-0.346527,0.215759
8945600,-0.289154,0.248535
8948800,-0.314117,0.248535
8952000,-0.367249,0.361389
8955200,-0.903076,0.936157
8958400,-0.293365,0.230560
8961600,-0.364899,0.406891
8964800,-0.564697,0.593597
8968000,-0.254608,0.220001
8971200,-0.446869,0.333893
8974400,-0.350830,0.225677
8977600,-0.258972,0.224945
8980800,-0.080505,0.065857
8984000,-0.011993,0.011169
8987200,-0.476685,0.336761
8990400,-0.437439,0.305969
8993600,-0.701447,0.505798
8996800,-0.332062,0.281097
9000000,-0.449615,0.288544
9003200,-0.416504,0.242462
9006400,-0.111023,0.101593
9009600,-0.380188,0.286804
9012800,-0.358887,0.256805
9016000,-0.231049,0.161865
9019200,-0.441071,0.438599
9022400,-0.446686,0.455658
9025600,-0.392883,0.315552
9028800,-0.344391,0.289795
9032000,-0.280243,0.217407
9035200,-0.165192,0.150055
9038400,-0.135132,0.114288
9041600,-0.192657,0.175507
9044800,-0.242584,0.158569
9048000,-0.568726,0.444275
9051200,-0.550201,0.509460
9054400,-0.567230,0.553192
9057600,-0.361572,0.209930
9060800,-0.033051,0.031128
9064000,-0.037964,0.039520
9067200,-0.845093,0.542358
9070400,-0.492676,0.345673
9073600,-0.252167,0.201111
9076800,-0.601746,0.425201
9080000,-0.257263,0.172058
9083200,-0.325287,0.254974
9086400,-0.171906,0.116516
9089600,-0.323181,0.287201
9092800,-0.235016,0.255157
9096000,-0.398468,0.224091
9099200,-0.095612,0.067291
9102400,-0.546692,0.454102
9105600,-0.217285,0.190704
9108800,-0.595947,0.483582
9112000,-0.808319,0.771179
9115200,-0.213806,0.139313
9118400,-0.297028,0.264282
9121600,-0.111053,0.086334
9124800,-0.376190,0.203583
9128000,-0.190765,0.149750
9131200,-0.309937,0.254486
9134400,-0.308197,0.271088
9137600,-0.296478,0.279388
9140800,-0.013550,0.014130
9144000,-0.288940,0.145508
9147200,-0.393738,0.364716
9150400,-0.599243,0.533264
9153600,-0.601685,0.505157
9156800,-0.510010,0.408905
9160000,-0.336700,0.255646
9163200,-0.633453,0.502686
9166400,-0.160797,0.154388
9169600,-0.154968,0.124664
9172800,-0.613464,0.469757
9176000,-0.410614,0.293610
9179200,-0.403595,0.239502
9182400,-0.213959,0.226898
9185600,-0.220764,0.184357
9188800,-0.473236,0.287781
9192000,-0.290588,0.209534
9195200,-0.199768,0.176819
9198400,-0.012939,0.015198
9201600,-0.025482,0.022491
9204800,-0.136597,0.155029
9208000,-0.279572,0.267029
9211200,-0.171997,0.158813
9214400,-0.584564,0.593628
9217600,-0.500824,0.565033
9220800,-0.307495,0.261780
9224000,-0.186768,0.131622
9227200,-0.195923,0.200653
9230400,-0.194153,0.097107
9233600,-0.033173,0.029327
9236800,-0.848236,0.872223
9240000,-0.723999,0.866547
9243200,-0.329773,0.280212
9246400,-0.598541,0.469299
9249600,-0.283539,0.222382
9252800,-0.454742,0.336945
9256000,-0.291901,0.178284
9259200,-0.376831,0.276917
9262400,-0.636902,0.478607
9265600,-0.443817,0.330383
9268800,-0.167480,0.163086
9272000,-0.173340,0.137604
9275200,-0.044189,0.040863
9278400,-0.423401,0.368591
9281600,-0.577576,0.590454
9284800,-0.225891,0.223511
9288000,-0.205322,0.194305
9291200,-0.625092,0.476074
9294400,-0.423096,0.419891
9297600,-0.158417,0.110992
9300800,-0.036621,0.040924
9304000,-0.411804,0.252991
9307200,-0.258789,0.174255
9310400,-0.071716,0.064850
9313600,-0.013184,0.010590
9316800,-0.432373,0.409363
9320000,-0.310760,0.290771
9323200,-0.807190,0.941071
9326400,-0.422272,0.260406
9329600,-0.495514,0.499878
9332800,-0.560669,0.609558
9336000,-0.257050,0.228638
9339200,-0.204254,0.178467
9342400,-0.372253,0.368744
9345600,-0.154510,0.127747
9348800,-0.307068,0.186401
9352000,-0.345398,0.183960
9355200,-0.475311,0.345062
9358400,-0.273285,0.194275
9361600,-0.965942,0.962769
9364800,-0.861237,0.680115
9368000,-0.503571,0.352448
9371200,-0.396393,0.250397
9374400,-0.505615,0.358063
9377600,-0.382996,0.351929
9380800,-0.798035,0.631348
9384000,-0.169830,0.153961
9387200,-0.289917,0.309509
9390400,-0.516479,0.459381
9393600,-0.435455,0.442871
9396800,-0.274994,0.225891
9400000,-0.325378,0.299011
9403200,-0.226929,0.182251
9406400,-0.217651,0.155853
9409600,-0.385742,0.329712
9412800,-0.295990,0.233063
9416000,-0.011139,0.013275
9419200,-0.004303,0.004822
9422400,-0.017700,0.020233
9425600,-0.941956,0.932465
9428800,-0.975891,0.977509
9432000,-0.127747,0.099579
9435200,-0.340332,0.279968
9438400,-0.329956,0.195496
9441600,-0.323883,0.230194
9444800,-0.688629,0.542664
9448000,-0.197815,0.193634
9451200,-0.186829,0.151459
9454400,-0.605072,0.552551
9457600,-0.604828,0.406830
9460800,-0.206299,0.212799
9464000,-0.575287,0.437073
9467200,-0.247284,0.181427
9470400,-0.251312,0.175964
9473600,-0.417694,0.376251
9476800,-0.401489,0.269440
9480000,-0.124420,0.082947
9483200,-0.380585,0.305054
9486400,-0.330627,0.232605
9489600,-0.269348,0.168915
9492800,-0.208038,0.125244
9496000,-0.225403,0.233978
9499200,-0.370819,0.322021
9502400,-0.117065,0.098572
9505600,-0.561249,0.329376
9508800,-0.692871,0.707214
9512000,-0.557678,0.564819
9515200,-0.353546,0.312134
9518400,-0.385345,0.252899
9521600,-0.267700,0.281891
9524800,-0.386963,0.260803
9528000,-0.244171,0.246979
9531200,-0.163483,0.169525
9534400,-0.030548,0.020508
9537600,-0.565796,0.387512
9540800,-0.370087,0.235077
9544000,-0.595215,0.642914
9547200,-0.305206,0.221924
9550400,-0.452484,0.387115
9553600,-0.352234,0.301575
9556800,-0.321442,0.182770
9560000,-0.233185,0.177338
9563200,-0.010376,0.008942
9566400,-0.430603,0.225616
9569600,-0.094208,0.094849
9572800,-0.144958,0.153107
9576000,-0.303741,0.194550
9579200,-0.266602,0.146362
9582400,-0.021484,0.016418
9585600,-0.008057,0.009064
9588800,-0.393311,0.305115
9592000,-0.620575,0.471527
9595200,-0.244873,0.220978
9598400,-0.393097,0.301880
