query_name,pipeline_id,repetition,source_name,throughput,latency_us,pipeline_task_duration_us,pipeline_tuples,pipeline_task_count,pipeline_task_span_us,pipeline_avg_task_duration_us,end_to_end_tuples,end_to_end_duration_us,end_to_end_throughput,end_to_end_latency_us,avg_sink_latency_us,std_sink_latency_us,p50_sink_latency_us,p95_sink_latency_us,p99_sink_latency_us,sink_latency_count,is_inference_pipeline,batch_size,number_of_entries_prediction_cache,prediction_cache_scope,prediction_cache_type,use_batch_deduplication
ablation_cwru_lat.test_01,2,rep-01,CWRUSOURCE,1065865.011976651,173.18488549806494,456722.0,486804.0,99.0,84307095.0,4613.353535353535,486804.0,86171300.0,5649.259092064295,254695.25919520753,1243920.6334975369,965952.7034166664,864550.0,2456047.0,3508715.64,1015,False,1,,,NONE,false
ablation_cwru_lat.test_01,3,rep-01,CWRUSOURCE,88981.96820875829,3968.364950103559,238745.0,21244.0,99.0,84303945.0,2411.5656565656564,486804.0,86171300.0,5649.259092064295,254695.25919520753,1243920.6334975369,965952.7034166664,864550.0,2456047.0,3508715.64,1015,False,1,,,NONE,false
ablation_cwru_lat.test_01,4,rep-01,CWRUSOURCE,1086.4620407289465,82990.61379310345,934225.0,1015.0,1015.0,84235473.0,920.4187192118227,486804.0,86171300.0,5649.259092064295,254695.25919520753,1243920.6334975369,965952.7034166664,864550.0,2456047.0,3508715.64,1015,False,1,,,NONE,false
ablation_cwru_lat.test_01,5,rep-01,CWRUSOURCE,5778.767158383767,82989.73497536946,175643.0,1015.0,1015.0,84234581.0,173.0472906403941,486804.0,86171300.0,5649.259092064295,254695.25919520753,1243920.6334975369,965952.7034166664,864550.0,2456047.0,3508715.64,1015,False,1,,,NONE,false
ablation_cwru_lat.test_01,6,rep-01,CWRUSOURCE,3.976663263113061,84573.36059113301,255239112.0,1015.0,1015.0,85841961.0,251467.1054187192,486804.0,86171300.0,5649.259092064295,254695.25919520753,1243920.6334975369,965952.7034166664,864550.0,2456047.0,3508715.64,1015,False,1,,,NONE,false
ablation_cwru_lat.test_01,7,rep-01,CWRUSOURCE,0.0,,26454.0,0.0,1015.0,77602251.0,26.06305418719212,486804.0,86171300.0,5649.259092064295,254695.25919520753,1243920.6334975369,965952.7034166664,864550.0,2456047.0,3508715.64,1015,False,1,,,NONE,false
ablation_cwru_lat.test_02,2,rep-01,CWRUSOURCE,964193.6135572272,158.4279217097641,504882.0,486804.0,99.0,77123346.0,5099.818181818182,486804.0,79034500.0,6159.386090884361,234117.8650507862,1279973.2128078819,609052.3796347259,903294.0,2494711.1999999983,3045670.6,1015,False,1,,,NONE,false
ablation_cwru_lat.test_02,3,rep-01,CWRUSOURCE,88155.6634478641,3627.1208729188224,241187.0,21262.0,99.0,77119844.0,2436.2323232323233,486804.0,79034500.0,6159.386090884361,234117.8650507862,1279973.2128078819,609052.3796347259,903294.0,2494711.1999999983,3045670.6,1015,False,1,,,NONE,false
ablation_cwru_lat.test_02,4,rep-01,CWRUSOURCE,1026.346257880873,75990.9921182266,988945.0,1015.0,1015.0,77130857.0,974.3300492610838,486804.0,79034500.0,6159.386090884361,234117.8650507862,1279973.2128078819,609052.3796347259,903294.0,2494711.1999999983,3045670.6,1015,False,1,,,NONE,false
ablation_cwru_lat.test_02,5,rep-01,CWRUSOURCE,4.341957404704858,77532.17339901478,233765536.0,1015.0,1015.0,78695156.0,230310.87290640394,486804.0,79034500.0,6159.386090884361,234117.8650507862,1279973.2128078819,609052.3796347259,903294.0,2494711.1999999983,3045670.6,1015,True,1,,,NONE,false
ablation_cwru_lat.test_02,6,rep-01,CWRUSOURCE,23246.759195639228,76809.15073891626,43662.0,1015.0,1015.0,77961288.0,43.01674876847291,486804.0,79034500.0,6159.386090884361,234117.8650507862,1279973.2128078819,609052.3796347259,903294.0,2494711.1999999983,3045670.6,1015,False,1,,,NONE,false
ablation_cwru_lat.test_02,7,rep-01,CWRUSOURCE,0.0,,10743.0,0.0,1015.0,77960962.0,10.58423645320197,486804.0,79034500.0,6159.386090884361,234117.8650507862,1279973.2128078819,609052.3796347259,903294.0,2494711.1999999983,3045670.6,1015,False,1,,,NONE,false
ablation_cwru_lat.test_03,2,rep-01,CWRUSOURCE,1040110.5909651284,55.57861891028011,468031.0,486804.0,101.0,27055894.0,4633.970297029703,486804.0,27188400.0,17904.841770755174,80659.97672076018,564756.9822660099,844471.302366184,29603.0,2193931.6999999993,3847958.98,1015,False,1,16,THREAD_LOCAL,LFU,false
ablation_cwru_lat.test_03,3,rep-01,CWRUSOURCE,5198453.718337534,55.572386422461605,93644.0,486804.0,101.0,27052860.0,927.1683168316831,486804.0,27188400.0,17904.841770755174,80659.97672076018,564756.9822660099,844471.302366184,29603.0,2193931.6999999993,3847958.98,1015,False,1,16,THREAD_LOCAL,LFU,false
ablation_cwru_lat.test_03,4,rep-01,CWRUSOURCE,103286.61912124083,1306.334089811685,200510.0,20710.0,101.0,27054179.0,1985.2475247524753,486804.0,27188400.0,17904.841770755174,80659.97672076018,564756.9822660099,844471.302366184,29603.0,2193931.6999999993,3847958.98,1015,False,1,16,THREAD_LOCAL,LFU,false
ablation_cwru_lat.test_03,5,rep-01,CWRUSOURCE,1189.866324672904,26479.03842364532,853037.0,1015.0,1015.0,26876224.0,840.4305418719212,486804.0,27188400.0,17904.841770755174,80659.97672076018,564756.9822660099,844471.302366184,29603.0,2193931.6999999993,3847958.98,1015,False,1,16,THREAD_LOCAL,LFU,false
ablation_cwru_lat.test_03,6,rep-01,CWRUSOURCE,13.101726646220659,26475.29458128079,77470705.0,1015.0,1015.0,26872424.0,76325.81773399014,486804.0,27188400.0,17904.841770755174,80659.97672076018,564756.9822660099,844471.302366184,29603.0,2193931.6999999993,3847958.98,1015,True,1,16,THREAD_LOCAL,LFU,false
ablation_cwru_lat.test_03,7,rep-01,CWRUSOURCE,26236.88155922039,26288.158620689654,38686.0,1015.0,1015.0,26682481.0,38.114285714285714,486804.0,27188400.0,17904.841770755174,80659.97672076018,564756.9822660099,844471.302366184,29603.0,2193931.6999999993,3847958.98,1015,False,1,16,THREAD_LOCAL,LFU,false
ablation_cwru_lat.test_03,8,rep-01,CWRUSOURCE,0.0,,13916.0,0.0,1015.0,26682504.0,13.710344827586207,486804.0,27188400.0,17904.841770755174,80659.97672076018,564756.9822660099,844471.302366184,29603.0,2193931.6999999993,3847958.98,1015,False,1,16,THREAD_LOCAL,LFU,false
ablation_cwru_lat.test_03,2,rep-01,CWRUSOURCE,868815.0088879687,21.25340794241625,560308.0,486804.0,102.0,10346244.0,5493.21568627451,486804.0,10876200.0,44758.64732167485,51098.661428395346,380710.0689655172,126144.10698693666,380341.0,611587.2,648374.1,1015,False,12,,,NONE,true
ablation_cwru_lat.test_03,3,rep-01,CWRUSOURCE,3906934.1894060997,21.246310630150944,124600.0,486804.0,102.0,10342789.0,1221.5686274509803,486804.0,10876200.0,44758.64732167485,51098.661428395346,380710.0689655172,126144.10698693666,380341.0,611587.2,648374.1,1015,False,12,,,NONE,true
ablation_cwru_lat.test_03,4,rep-01,CWRUSOURCE,95441.61452681127,483.9666838238735,223917.0,21371.0,102.0,10342852.0,2195.264705882353,486804.0,10876200.0,44758.64732167485,51098.661428395346,380710.0689655172,126144.10698693666,380341.0,611587.2,648374.1,1015,False,12,,,NONE,true
ablation_cwru_lat.test_03,5,rep-01,CWRUSOURCE,1347.4619922789764,10013.925123152709,753268.0,1015.0,1015.0,10164134.0,742.135960591133,486804.0,10876200.0,44758.64732167485,51098.661428395346,380710.0689655172,126144.10698693666,380341.0,611587.2,648374.1,1015,False,12,,,NONE,true
ablation_cwru_lat.test_03,6,rep-01,CWRUSOURCE,6945.252252930349,10012.48275862069,146143.0,1015.0,1015.0,10162670.0,143.9832512315271,486804.0,10876200.0,44758.64732167485,51098.661428395346,380710.0689655172,126144.10698693666,380341.0,611587.2,648374.1,1015,False,12,,,NONE,true
ablation_cwru_lat.test_03,7,rep-01,CWRUSOURCE,7381.478932028882,10082.564484126984,136558.0,1008.0,1015.0,10163225.0,134.5399014778325,486804.0,10876200.0,44758.64732167485,51098.661428395346,380710.0689655172,126144.10698693666,380341.0,611587.2,648374.1,1015,False,12,,,NONE,true
ablation_cwru_lat.test_03,8,rep-01,CWRUSOURCE,38.35615278793681,10281.884729064039,26462508.0,1015.0,85.0,10436113.0,311323.62352941174,486804.0,10876200.0,44758.64732167485,51098.661428395346,380710.0689655172,126144.10698693666,380341.0,611587.2,648374.1,1015,True,12,,,NONE,true
ablation_cwru_lat.test_03,9,rep-01,CWRUSOURCE,116881.62137263933,10181.337931034483,8684.0,1015.0,85.0,10334058.0,102.16470588235295,486804.0,10876200.0,44758.64732167485,51098.661428395346,380710.0689655172,126144.10698693666,380341.0,611587.2,648374.1,1015,False,12,,,NONE,true
ablation_cwru_lat.test_03,10,rep-01,CWRUSOURCE,0.0,,4072.0,0.0,85.0,10333717.0,47.90588235294118,486804.0,10876200.0,44758.64732167485,51098.661428395346,380710.0689655172,126144.10698693666,380341.0,611587.2,648374.1,1015,False,12,,,NONE,true
ablation_cwru_lat.test_02,2,rep-01,CWRUSOURCE,871420.0557432161,27.607651128585633,558633.0,486804.0,102.0,13439515.0,5476.794117647059,486804.0,14112100.0,34495.50385839103,66627.68941757458,551541.2650246306,124045.52692802665,517415.0,850794.4,963587.92,1015,False,12,,,NONE,false
ablation_cwru_lat.test_02,3,rep-01,CWRUSOURCE,102090.24678643628,627.5934522697553,209736.0,21412.0,102.0,13438031.0,2056.235294117647,486804.0,14112100.0,34495.50385839103,66627.68941757458,551541.2650246306,124045.52692802665,517415.0,850794.4,963587.92,1015,False,12,,,NONE,false
ablation_cwru_lat.test_02,4,rep-01,CWRUSOURCE,1562.0575452765843,13053.703448275863,649784.0,1015.0,1015.0,13249509.0,640.1812807881773,486804.0,14112100.0,34495.50385839103,66627.68941757458,551541.2650246306,124045.52692802665,517415.0,850794.4,963587.92,1015,False,12,,,NONE,false
ablation_cwru_lat.test_02,5,rep-01,CWRUSOURCE,8385.865479151003,13050.80197044335,121037.0,1015.0,1015.0,13246564.0,119.24827586206897,486804.0,14112100.0,34495.50385839103,66627.68941757458,551541.2650246306,124045.52692802665,517415.0,850794.4,963587.92,1015,False,12,,,NONE,false
ablation_cwru_lat.test_02,6,rep-01,CWRUSOURCE,8607.953817644597,13145.376984126984,117101.0,1008.0,1015.0,13250540.0,115.3704433497537,486804.0,14112100.0,34495.50385839103,66627.68941757458,551541.2650246306,124045.52692802665,517415.0,850794.4,963587.92,1015,False,12,,,NONE,false
ablation_cwru_lat.test_02,7,rep-01,CWRUSOURCE,26.145790991319597,13483.554679802955,38820780.0,1015.0,85.0,13685808.0,456715.0588235294,486804.0,14112100.0,34495.50385839103,66627.68941757458,551541.2650246306,124045.52692802665,517415.0,850794.4,963587.92,1015,True,12,,,NONE,false
ablation_cwru_lat.test_02,8,rep-01,CWRUSOURCE,132161.45833333334,13239.051231527093,7680.0,1015.0,85.0,13437637.0,90.3529411764706,486804.0,14112100.0,34495.50385839103,66627.68941757458,551541.2650246306,124045.52692802665,517415.0,850794.4,963587.92,1015,False,12,,,NONE,false
ablation_cwru_lat.test_02,9,rep-01,CWRUSOURCE,0.0,,7052.0,0.0,85.0,13437514.0,82.96470588235294,486804.0,14112100.0,34495.50385839103,66627.68941757458,551541.2650246306,124045.52692802665,517415.0,850794.4,963587.92,1015,False,12,,,NONE,false
ablation_cwru_lat.test_03,2,rep-01,CWRUSOURCE,965074.808542864,56.229550291287666,504421.0,486804.0,101.0,27372770.0,4994.267326732674,486804.0,27512300.0,17694.049570555715,81606.10978237988,479428.4128078818,664163.6980424975,34799.0,1861448.1999999967,2598456.2,1015,False,1,16,GLOBAL,LFU,false
ablation_cwru_lat.test_03,3,rep-01,CWRUSOURCE,4206449.605972625,56.223377375699464,115728.0,486804.0,101.0,27369765.0,1145.8217821782177,486804.0,27512300.0,17694.049570555715,81606.10978237988,479428.4128078818,664163.6980424975,34799.0,1861448.1999999967,2598456.2,1015,False,1,16,GLOBAL,LFU,false
ablation_cwru_lat.test_03,4,rep-01,CWRUSOURCE,102042.81489315863,1313.446017274472,204228.0,20840.0,101.0,27372215.0,2022.0594059405942,486804.0,27512300.0,17694.049570555715,81606.10978237988,479428.4128078818,664163.6980424975,34799.0,1861448.1999999967,2598456.2,1015,False,1,16,GLOBAL,LFU,false
ablation_cwru_lat.test_03,5,rep-01,CWRUSOURCE,1206.9740506524795,26794.83251231527,840946.0,1015.0,1015.0,27196755.0,828.5182266009853,486804.0,27512300.0,17694.049570555715,81606.10978237988,479428.4128078818,664163.6980424975,34799.0,1861448.1999999967,2598456.2,1015,False,1,16,GLOBAL,LFU,false
ablation_cwru_lat.test_03,6,rep-01,CWRUSOURCE,12.949022339882978,26790.423645320196,78384296.0,1015.0,1015.0,27192280.0,77225.90738916256,486804.0,27512300.0,17694.049570555715,81606.10978237988,479428.4128078818,664163.6980424975,34799.0,1861448.1999999967,2598456.2,1015,True,1,16,GLOBAL,LFU,false
ablation_cwru_lat.test_03,7,rep-01,CWRUSOURCE,21844.39901000753,26594.954679802955,46465.0,1015.0,1015.0,26993879.0,45.77832512315271,486804.0,27512300.0,17694.049570555715,81606.10978237988,479428.4128078818,664163.6980424975,34799.0,1861448.1999999967,2598456.2,1015,False,1,16,GLOBAL,LFU,false
ablation_cwru_lat.test_03,8,rep-01,CWRUSOURCE,0.0,,32069.0,0.0,1015.0,26993780.0,31.595073891625617,486804.0,27512300.0,17694.049570555715,81606.10978237988,479428.4128078818,664163.6980424975,34799.0,1861448.1999999967,2598456.2,1015,False,1,16,GLOBAL,LFU,false
ablation_cwru_lat.test_03,2,rep-01,CWRUSOURCE,1001565.7050919363,20.63705515977683,486043.0,486804.0,102.0,10046201.0,4765.1274509803925,486804.0,10161100.0,47908.59257363868,48590.90650497157,200042.34285714285,169070.83737551156,122689.0,494460.3999999998,559717.62,1015,False,12,16,,LFU,false
ablation_cwru_lat.test_03,3,rep-01,CWRUSOURCE,4479324.242256942,20.629162866369217,108678.0,486804.0,102.0,10042359.0,1065.4705882352941,486804.0,10161100.0,47908.59257363868,48590.90650497157,200042.34285714285,169070.83737551156,122689.0,494460.3999999998,559717.62,1015,False,12,16,,LFU,false
ablation_cwru_lat.test_03,4,rep-01,CWRUSOURCE,124721.76094406954,474.11888574126533,169818.0,21180.0,102.0,10041838.0,1664.8823529411766,486804.0,10161100.0,47908.59257363868,48590.90650497157,200042.34285714285,169070.83737551156,122689.0,494460.3999999998,559717.62,1015,False,12,16,,LFU,false
ablation_cwru_lat.test_03,5,rep-01,CWRUSOURCE,1880.4653920260857,9699.59802955665,539760.0,1015.0,1015.0,9845092.0,531.7832512315271,486804.0,10161100.0,47908.59257363868,48590.90650497157,200042.34285714285,169070.83737551156,122689.0,494460.3999999998,559717.62,1015,False,12,16,,LFU,false
ablation_cwru_lat.test_03,6,rep-01,CWRUSOURCE,11762.388170398182,9694.986206896552,86292.0,1015.0,1015.0,9840411.0,85.01674876847291,486804.0,10161100.0,47908.59257363868,48590.90650497157,200042.34285714285,169070.83737551156,122689.0,494460.3999999998,559717.62,1015,False,12,16,,LFU,false
ablation_cwru_lat.test_03,7,rep-01,CWRUSOURCE,10868.97920013802,9762.031746031746,92741.0,1008.0,1015.0,9840128.0,91.3704433497537,486804.0,10161100.0,47908.59257363868,48590.90650497157,200042.34285714285,169070.83737551156,122689.0,494460.3999999998,559717.62,1015,False,12,16,,LFU,false
ablation_cwru_lat.test_03,8,rep-01,CWRUSOURCE,89.14961369232668,9601.327093596059,11385355.0,1015.0,85.0,9745347.0,133945.35294117648,486804.0,10161100.0,47908.59257363868,48590.90650497157,200042.34285714285,169070.83737551156,122689.0,494460.3999999998,559717.62,1015,True,12,16,,LFU,false
ablation_cwru_lat.test_03,9,rep-01,CWRUSOURCE,195756.9913211186,9317.578325123153,5185.0,1015.0,85.0,9457342.0,61.0,486804.0,10161100.0,47908.59257363868,48590.90650497157,200042.34285714285,169070.83737551156,122689.0,494460.3999999998,559717.62,1015,False,12,16,,LFU,false
ablation_cwru_lat.test_03,10,rep-01,CWRUSOURCE,0.0,,9937.0,0.0,85.0,9457323.0,116.90588235294118,486804.0,10161100.0,47908.59257363868,48590.90650497157,200042.34285714285,169070.83737551156,122689.0,494460.3999999998,559717.62,1015,False,12,16,,LFU,false
ablation_cwru_lat.test_03,2,rep-01,CWRUSOURCE,1018005.244733309,20.63600751020945,478194.0,486804.0,101.0,10045691.0,4734.59405940594,486804.0,10163800.0,47895.86571951435,48788.415115877615,189323.17142857143,161041.7398988875,120855.0,474614.5,573315.28,1015,False,12,16,,LFU,true
ablation_cwru_lat.test_03,3,rep-01,CWRUSOURCE,5526776.489821869,20.62932514934142,88081.0,486804.0,101.0,10042438.0,872.0891089108911,486804.0,10163800.0,47895.86571951435,48788.415115877615,189323.17142857143,161041.7398988875,120855.0,474614.5,573315.28,1015,False,12,16,,LFU,true
ablation_cwru_lat.test_03,4,rep-01,CWRUSOURCE,128115.92797532106,475.07814939211886,164999.0,21139.0,101.0,10042677.0,1633.6534653465346,486804.0,10163800.0,47895.86571951435,48788.415115877615,189323.17142857143,161041.7398988875,120855.0,474614.5,573315.28,1015,False,12,16,,LFU,true
ablation_cwru_lat.test_03,5,rep-01,CWRUSOURCE,2055.021947229466,9702.737931034482,493912.0,1015.0,1015.0,9848279.0,486.6128078817734,486804.0,10163800.0,47895.86571951435,48788.415115877615,189323.17142857143,161041.7398988875,120855.0,474614.5,573315.28,1015,False,12,16,,LFU,true
ablation_cwru_lat.test_03,6,rep-01,CWRUSOURCE,11161.327923113296,9699.272906403941,90939.0,1015.0,1015.0,9844762.0,89.59507389162562,486804.0,10163800.0,47895.86571951435,48788.415115877615,189323.17142857143,161041.7398988875,120855.0,474614.5,573315.28,1015,False,12,16,,LFU,true
ablation_cwru_lat.test_03,7,rep-01,CWRUSOURCE,11739.768465677482,9766.386904761905,85862.0,1008.0,1015.0,9844518.0,84.59310344827587,486804.0,10163800.0,47895.86571951435,48788.415115877615,189323.17142857143,161041.7398988875,120855.0,474614.5,573315.28,1015,False,12,16,,LFU,true
ablation_cwru_lat.test_03,8,rep-01,CWRUSOURCE,96.99871636772586,9603.551724137931,10464056.0,1015.0,85.0,9747605.0,123106.5411764706,486804.0,10163800.0,47895.86571951435,48788.415115877615,189323.17142857143,161041.7398988875,120855.0,474614.5,573315.28,1015,True,12,16,,LFU,true
ablation_cwru_lat.test_03,9,rep-01,CWRUSOURCE,228603.6036036036,9500.122167487685,4440.0,1015.0,85.0,9642624.0,52.23529411764706,486804.0,10163800.0,47895.86571951435,48788.415115877615,189323.17142857143,161041.7398988875,120855.0,474614.5,573315.28,1015,False,12,16,,LFU,true
ablation_cwru_lat.test_03,10,rep-01,CWRUSOURCE,0.0,,6166.0,0.0,85.0,9642375.0,72.54117647058824,486804.0,10163800.0,47895.86571951435,48788.415115877615,189323.17142857143,161041.7398988875,120855.0,474614.5,573315.28,1015,False,12,16,,LFU,true
